"codigo_pip";"nome_pip";"nucleo";"familia";"area_atuacao";"ano";"mes";"ano_mes";"novos";"denuncias";"arquivamentos"
300977;"PIP - Volta Redonda";"Interior";"Interior";"Volta Redonda";2020;3;"2020-03";57;9;3
300977;"PIP - Volta Redonda";"Interior";"Interior";"Volta Redonda";2020;4;"2020-04";54;6;6
300977;"PIP - Volta Redonda";"Interior";"Interior";"Volta Redonda";2020;5;"2020-05";282;21;9
300977;"PIP - Volta Redonda";"Interior";"Interior";"Volta Redonda";2020;6;"2020-06";216;16;19
300977;"PIP - Volta Redonda";"Interior";"Interior";"Volta Redonda";2020;7;"2020-07";166;31;26
300977;"PIP - Volta Redonda";"Interior";"Interior";"Volta Redonda";2020;8;"2020-08";136;13;18
300977;"PIP - Volta Redonda";"Interior";"Interior";"Volta Redonda";2020;9;"2020-09";128;19;20
300977;"PIP - Volta Redonda";"Interior";"Interior";"Volta Redonda";2020;10;"2020-10";149;22;40
300977;"PIP - Volta Redonda";"Interior";"Interior";"Volta Redonda";2020;11;"2020-11";246;17;9
300977;"PIP - Volta Redonda";"Interior";"Interior";"Volta Redonda";2020;12;"2020-12";62;0;3
300977;"PIP - Volta Redonda";"Interior";"Interior";"Volta Redonda";2021;1;"2021-01";2;0;0
300987;"PIP - Nova Friburgo";"Interior";"Interior";"Nova Friburgo";2020;3;"2020-03";50;4;2
300987;"PIP - Nova Friburgo";"Interior";"Interior";"Nova Friburgo";2020;4;"2020-04";13;1;2
300987;"PIP - Nova Friburgo";"Interior";"Interior";"Nova Friburgo";2020;5;"2020-05";38;4;3
300987;"PIP - Nova Friburgo";"Interior";"Interior";"Nova Friburgo";2020;6;"2020-06";19;2;1
300987;"PIP - Nova Friburgo";"Interior";"Interior";"Nova Friburgo";2020;7;"2020-07";25;9;4
300987;"PIP - Nova Friburgo";"Interior";"Interior";"Nova Friburgo";2020;8;"2020-08";52;7;6
300987;"PIP - Nova Friburgo";"Interior";"Interior";"Nova Friburgo";2020;9;"2020-09";43;4;4
300987;"PIP - Nova Friburgo";"Interior";"Interior";"Nova Friburgo";2020;10;"2020-10";79;2;5
300987;"PIP - Nova Friburgo";"Interior";"Interior";"Nova Friburgo";2020;11;"2020-11";157;4;5
300987;"PIP - Nova Friburgo";"Interior";"Interior";"Nova Friburgo";2020;12;"2020-12";62;0;2
300987;"PIP - Nova Friburgo";"Interior";"Interior";"Nova Friburgo";2021;1;"2021-01";2;0;0
400731;"2ª PIP - Campos";"Interior";"Interior";"Campos";2020;3;"2020-03";39;11;5
400731;"2ª PIP - Campos";"Interior";"Interior";"Campos";2020;4;"2020-04";13;8;0
400731;"2ª PIP - Campos";"Interior";"Interior";"Campos";2020;5;"2020-05";30;11;0
400731;"2ª PIP - Campos";"Interior";"Interior";"Campos";2020;6;"2020-06";41;13;0
400731;"2ª PIP - Campos";"Interior";"Interior";"Campos";2020;7;"2020-07";116;20;5
400731;"2ª PIP - Campos";"Interior";"Interior";"Campos";2020;8;"2020-08";45;11;1
400731;"2ª PIP - Campos";"Interior";"Interior";"Campos";2020;9;"2020-09";161;12;1
400731;"2ª PIP - Campos";"Interior";"Interior";"Campos";2020;10;"2020-10";187;5;1
400731;"2ª PIP - Campos";"Interior";"Interior";"Campos";2020;11;"2020-11";141;2;1
400731;"2ª PIP - Campos";"Interior";"Interior";"Campos";2020;12;"2020-12";108;0;0
400736;"PIP - Petrópolis";"Interior";"Interior";"Petrópolis";2020;3;"2020-03";359;94;52
400736;"PIP - Petrópolis";"Interior";"Interior";"Petrópolis";2020;4;"2020-04";165;55;34
400736;"PIP - Petrópolis";"Interior";"Interior";"Petrópolis";2020;5;"2020-05";111;42;30
400736;"PIP - Petrópolis";"Interior";"Interior";"Petrópolis";2020;6;"2020-06";126;42;26
400736;"PIP - Petrópolis";"Interior";"Interior";"Petrópolis";2020;7;"2020-07";226;73;28
400736;"PIP - Petrópolis";"Interior";"Interior";"Petrópolis";2020;8;"2020-08";220;65;30
400736;"PIP - Petrópolis";"Interior";"Interior";"Petrópolis";2020;9;"2020-09";125;48;26
400736;"PIP - Petrópolis";"Interior";"Interior";"Petrópolis";2020;10;"2020-10";198;51;20
400736;"PIP - Petrópolis";"Interior";"Interior";"Petrópolis";2020;11;"2020-11";168;58;19
400736;"PIP - Petrópolis";"Interior";"Interior";"Petrópolis";2020;12;"2020-12";106;7;1
400736;"PIP - Petrópolis";"Interior";"Interior";"Petrópolis";2021;1;"2021-01";6;0;0
400758;"1ª PIP - Campos";"Interior";"Interior";"Campos";2020;3;"2020-03";56;16;2
400758;"1ª PIP - Campos";"Interior";"Interior";"Campos";2020;4;"2020-04";17;13;1
400758;"1ª PIP - Campos";"Interior";"Interior";"Campos";2020;5;"2020-05";31;18;5
400758;"1ª PIP - Campos";"Interior";"Interior";"Campos";2020;6;"2020-06";28;18;1
400758;"1ª PIP - Campos";"Interior";"Interior";"Campos";2020;7;"2020-07";137;64;6
400758;"1ª PIP - Campos";"Interior";"Interior";"Campos";2020;8;"2020-08";47;40;1
400758;"1ª PIP - Campos";"Interior";"Interior";"Campos";2020;9;"2020-09";182;27;5
400758;"1ª PIP - Campos";"Interior";"Interior";"Campos";2020;10;"2020-10";258;19;2
400758;"1ª PIP - Campos";"Interior";"Interior";"Campos";2020;11;"2020-11";134;9;2
400758;"1ª PIP - Campos";"Interior";"Interior";"Campos";2020;12;"2020-12";68;2;0
400758;"1ª PIP - Campos";"Interior";"Interior";"Campos";2021;1;"2021-01";1;0;0
1249804;"PIP - Macaé";"Interior";"Interior";"Macaé";2020;3;"2020-03";81;23;9
1249804;"PIP - Macaé";"Interior";"Interior";"Macaé";2020;4;"2020-04";6;3;0
1249804;"PIP - Macaé";"Interior";"Interior";"Macaé";2020;5;"2020-05";37;14;3
1249804;"PIP - Macaé";"Interior";"Interior";"Macaé";2020;6;"2020-06";54;15;5
1249804;"PIP - Macaé";"Interior";"Interior";"Macaé";2020;7;"2020-07";128;17;7
1249804;"PIP - Macaé";"Interior";"Interior";"Macaé";2020;8;"2020-08";186;20;13
1249804;"PIP - Macaé";"Interior";"Interior";"Macaé";2020;9;"2020-09";116;6;13
1249804;"PIP - Macaé";"Interior";"Interior";"Macaé";2020;10;"2020-10";201;22;21
1249804;"PIP - Macaé";"Interior";"Interior";"Macaé";2020;11;"2020-11";59;1;6
1249804;"PIP - Macaé";"Interior";"Interior";"Macaé";2020;12;"2020-12";74;0;2
5679985;"PIP - Cabo Frio";"Interior";"Interior";"Cabo Frio";2020;3;"2020-03";262;22;11
5679985;"PIP - Cabo Frio";"Interior";"Interior";"Cabo Frio";2020;4;"2020-04";18;9;2
5679985;"PIP - Cabo Frio";"Interior";"Interior";"Cabo Frio";2020;5;"2020-05";15;6;0
5679985;"PIP - Cabo Frio";"Interior";"Interior";"Cabo Frio";2020;6;"2020-06";18;4;1
5679985;"PIP - Cabo Frio";"Interior";"Interior";"Cabo Frio";2020;7;"2020-07";68;22;9
5679985;"PIP - Cabo Frio";"Interior";"Interior";"Cabo Frio";2020;8;"2020-08";114;23;14
5679985;"PIP - Cabo Frio";"Interior";"Interior";"Cabo Frio";2020;9;"2020-09";128;9;10
5679985;"PIP - Cabo Frio";"Interior";"Interior";"Cabo Frio";2020;10;"2020-10";24;5;1
5679985;"PIP - Cabo Frio";"Interior";"Interior";"Cabo Frio";2020;11;"2020-11";41;15;6
5679985;"PIP - Cabo Frio";"Interior";"Interior";"Cabo Frio";2020;12;"2020-12";32;1;0
6115386;"PIP - Barra Mansa";"Interior";"Interior";"Barra Mansa";2020;3;"2020-03";69;10;5
6115386;"PIP - Barra Mansa";"Interior";"Interior";"Barra Mansa";2020;4;"2020-04";35;9;3
6115386;"PIP - Barra Mansa";"Interior";"Interior";"Barra Mansa";2020;5;"2020-05";36;11;1
6115386;"PIP - Barra Mansa";"Interior";"Interior";"Barra Mansa";2020;6;"2020-06";92;18;22
6115386;"PIP - Barra Mansa";"Interior";"Interior";"Barra Mansa";2020;7;"2020-07";183;26;15
6115386;"PIP - Barra Mansa";"Interior";"Interior";"Barra Mansa";2020;8;"2020-08";140;12;15
6115386;"PIP - Barra Mansa";"Interior";"Interior";"Barra Mansa";2020;9;"2020-09";94;15;6
6115386;"PIP - Barra Mansa";"Interior";"Interior";"Barra Mansa";2020;10;"2020-10";134;16;8
6115386;"PIP - Barra Mansa";"Interior";"Interior";"Barra Mansa";2020;11;"2020-11";219;7;4
6115386;"PIP - Barra Mansa";"Interior";"Interior";"Barra Mansa";2020;12;"2020-12";38;1;0
6115386;"PIP - Barra Mansa";"Interior";"Interior";"Barra Mansa";2021;1;"2021-01";1;0;0
7419262;"PIP - Itaboraí";"Interior";"Interior";"Itaboraí";2020;3;"2020-03";59;15;8
7419262;"PIP - Itaboraí";"Interior";"Interior";"Itaboraí";2020;4;"2020-04";26;3;6
7419262;"PIP - Itaboraí";"Interior";"Interior";"Itaboraí";2020;5;"2020-05";18;4;1
7419262;"PIP - Itaboraí";"Interior";"Interior";"Itaboraí";2020;6;"2020-06";22;11;3
7419262;"PIP - Itaboraí";"Interior";"Interior";"Itaboraí";2020;7;"2020-07";34;16;3
7419262;"PIP - Itaboraí";"Interior";"Interior";"Itaboraí";2020;8;"2020-08";63;11;5
7419262;"PIP - Itaboraí";"Interior";"Interior";"Itaboraí";2020;9;"2020-09";28;8;4
7419262;"PIP - Itaboraí";"Interior";"Interior";"Itaboraí";2020;10;"2020-10";45;14;7
7419262;"PIP - Itaboraí";"Interior";"Interior";"Itaboraí";2020;11;"2020-11";20;6;2
7419262;"PIP - Itaboraí";"Interior";"Interior";"Itaboraí";2020;12;"2020-12";31;2;0
7419262;"PIP - Itaboraí";"Interior";"Interior";"Itaboraí";2021;1;"2021-01";1;0;0
7419344;"PIP - Itaguaí";"Interior";"Interior";"Itaguaí";2020;3;"2020-03";22;3;4
7419344;"PIP - Itaguaí";"Interior";"Interior";"Itaguaí";2020;4;"2020-04";19;6;2
7419344;"PIP - Itaguaí";"Interior";"Interior";"Itaguaí";2020;5;"2020-05";47;9;5
7419344;"PIP - Itaguaí";"Interior";"Interior";"Itaguaí";2020;6;"2020-06";7;3;1
7419344;"PIP - Itaguaí";"Interior";"Interior";"Itaguaí";2020;7;"2020-07";173;39;20
7419344;"PIP - Itaguaí";"Interior";"Interior";"Itaguaí";2020;8;"2020-08";246;40;18
7419344;"PIP - Itaguaí";"Interior";"Interior";"Itaguaí";2020;9;"2020-09";23;10;4
7419344;"PIP - Itaguaí";"Interior";"Interior";"Itaguaí";2020;10;"2020-10";43;10;9
7419344;"PIP - Itaguaí";"Interior";"Interior";"Itaguaí";2020;11;"2020-11";68;9;13
7419344;"PIP - Itaguaí";"Interior";"Interior";"Itaguaí";2020;12;"2020-12";18;3;3
29926583;"1ª PIP - Botafogo/Copacabana";"Rio de Janeiro";"Territorial";"Botafogo/Copacabana";2020;3;"2020-03";16;12;0
29926583;"1ª PIP - Botafogo/Copacabana";"Rio de Janeiro";"Territorial";"Botafogo/Copacabana";2020;4;"2020-04";7;4;0
29926583;"1ª PIP - Botafogo/Copacabana";"Rio de Janeiro";"Territorial";"Botafogo/Copacabana";2020;5;"2020-05";2;0;0
29926583;"1ª PIP - Botafogo/Copacabana";"Rio de Janeiro";"Territorial";"Botafogo/Copacabana";2020;6;"2020-06";8;8;0
29926583;"1ª PIP - Botafogo/Copacabana";"Rio de Janeiro";"Territorial";"Botafogo/Copacabana";2020;7;"2020-07";95;26;1
29926583;"1ª PIP - Botafogo/Copacabana";"Rio de Janeiro";"Territorial";"Botafogo/Copacabana";2020;8;"2020-08";162;15;22
29926583;"1ª PIP - Botafogo/Copacabana";"Rio de Janeiro";"Territorial";"Botafogo/Copacabana";2020;9;"2020-09";148;17;5
29926583;"1ª PIP - Botafogo/Copacabana";"Rio de Janeiro";"Territorial";"Botafogo/Copacabana";2020;10;"2020-10";150;11;3
29926583;"1ª PIP - Botafogo/Copacabana";"Rio de Janeiro";"Territorial";"Botafogo/Copacabana";2020;11;"2020-11";200;8;1
29926583;"1ª PIP - Botafogo/Copacabana";"Rio de Janeiro";"Territorial";"Botafogo/Copacabana";2020;12;"2020-12";131;0;0
29926583;"1ª PIP - Botafogo/Copacabana";"Rio de Janeiro";"Territorial";"Botafogo/Copacabana";2021;1;"2021-01";4;0;0
29926616;"2ª PIP - Botafogo/Copacabana";"Rio de Janeiro";"Territorial";"Botafogo/Copacabana";2020;3;"2020-03";15;9;0
29926616;"2ª PIP - Botafogo/Copacabana";"Rio de Janeiro";"Territorial";"Botafogo/Copacabana";2020;4;"2020-04";7;5;0
29926616;"2ª PIP - Botafogo/Copacabana";"Rio de Janeiro";"Territorial";"Botafogo/Copacabana";2020;5;"2020-05";1;1;0
29926616;"2ª PIP - Botafogo/Copacabana";"Rio de Janeiro";"Territorial";"Botafogo/Copacabana";2020;6;"2020-06";9;6;0
29926616;"2ª PIP - Botafogo/Copacabana";"Rio de Janeiro";"Territorial";"Botafogo/Copacabana";2020;7;"2020-07";91;13;4
29926616;"2ª PIP - Botafogo/Copacabana";"Rio de Janeiro";"Territorial";"Botafogo/Copacabana";2020;8;"2020-08";167;21;28
29926616;"2ª PIP - Botafogo/Copacabana";"Rio de Janeiro";"Territorial";"Botafogo/Copacabana";2020;9;"2020-09";136;24;7
29926616;"2ª PIP - Botafogo/Copacabana";"Rio de Janeiro";"Territorial";"Botafogo/Copacabana";2020;10;"2020-10";152;12;8
29926616;"2ª PIP - Botafogo/Copacabana";"Rio de Janeiro";"Territorial";"Botafogo/Copacabana";2020;11;"2020-11";202;22;8
29926616;"2ª PIP - Botafogo/Copacabana";"Rio de Janeiro";"Territorial";"Botafogo/Copacabana";2020;12;"2020-12";141;6;0
29926616;"2ª PIP - Botafogo/Copacabana";"Rio de Janeiro";"Territorial";"Botafogo/Copacabana";2021;1;"2021-01";5;0;0
29926805;"1ª PIP - Centro/Zona Portuária";"Rio de Janeiro";"Territorial";"Centro/Zona Portuária";2020;3;"2020-03";8;5;0
29926805;"1ª PIP - Centro/Zona Portuária";"Rio de Janeiro";"Territorial";"Centro/Zona Portuária";2020;4;"2020-04";6;1;0
29926805;"1ª PIP - Centro/Zona Portuária";"Rio de Janeiro";"Territorial";"Centro/Zona Portuária";2020;5;"2020-05";11;5;0
29926805;"1ª PIP - Centro/Zona Portuária";"Rio de Janeiro";"Territorial";"Centro/Zona Portuária";2020;6;"2020-06";2;0;0
29926805;"1ª PIP - Centro/Zona Portuária";"Rio de Janeiro";"Territorial";"Centro/Zona Portuária";2020;7;"2020-07";106;10;3
29926805;"1ª PIP - Centro/Zona Portuária";"Rio de Janeiro";"Territorial";"Centro/Zona Portuária";2020;8;"2020-08";163;22;2
29926805;"1ª PIP - Centro/Zona Portuária";"Rio de Janeiro";"Territorial";"Centro/Zona Portuária";2020;9;"2020-09";88;12;2
29926805;"1ª PIP - Centro/Zona Portuária";"Rio de Janeiro";"Territorial";"Centro/Zona Portuária";2020;10;"2020-10";107;4;4
29926805;"1ª PIP - Centro/Zona Portuária";"Rio de Janeiro";"Territorial";"Centro/Zona Portuária";2020;11;"2020-11";108;2;0
29926805;"1ª PIP - Centro/Zona Portuária";"Rio de Janeiro";"Territorial";"Centro/Zona Portuária";2020;12;"2020-12";279;2;0
29927047;"2ª PIP - Centro/Zona Portuária";"Rio de Janeiro";"Territorial";"Centro/Zona Portuária";2020;3;"2020-03";12;11;0
29927047;"2ª PIP - Centro/Zona Portuária";"Rio de Janeiro";"Territorial";"Centro/Zona Portuária";2020;4;"2020-04";6;6;0
29927047;"2ª PIP - Centro/Zona Portuária";"Rio de Janeiro";"Territorial";"Centro/Zona Portuária";2020;5;"2020-05";12;6;0
29927047;"2ª PIP - Centro/Zona Portuária";"Rio de Janeiro";"Territorial";"Centro/Zona Portuária";2020;6;"2020-06";2;0;0
29927047;"2ª PIP - Centro/Zona Portuária";"Rio de Janeiro";"Territorial";"Centro/Zona Portuária";2020;7;"2020-07";116;28;6
29927047;"2ª PIP - Centro/Zona Portuária";"Rio de Janeiro";"Territorial";"Centro/Zona Portuária";2020;8;"2020-08";158;30;15
29927047;"2ª PIP - Centro/Zona Portuária";"Rio de Janeiro";"Territorial";"Centro/Zona Portuária";2020;9;"2020-09";101;8;9
29927047;"2ª PIP - Centro/Zona Portuária";"Rio de Janeiro";"Territorial";"Centro/Zona Portuária";2020;10;"2020-10";139;16;2
29927047;"2ª PIP - Centro/Zona Portuária";"Rio de Janeiro";"Territorial";"Centro/Zona Portuária";2020;11;"2020-11";125;4;2
29927047;"2ª PIP - Centro/Zona Portuária";"Rio de Janeiro";"Territorial";"Centro/Zona Portuária";2020;12;"2020-12";143;3;0
29927047;"2ª PIP - Centro/Zona Portuária";"Rio de Janeiro";"Territorial";"Centro/Zona Portuária";2021;1;"2021-01";12;0;0
29933374;"3ª PIP - Centro/Zona Portuária";"Rio de Janeiro";"Territorial";"Centro/Zona Portuária";2020;3;"2020-03";13;11;0
29933374;"3ª PIP - Centro/Zona Portuária";"Rio de Janeiro";"Territorial";"Centro/Zona Portuária";2020;4;"2020-04";6;6;0
29933374;"3ª PIP - Centro/Zona Portuária";"Rio de Janeiro";"Territorial";"Centro/Zona Portuária";2020;5;"2020-05";11;5;0
29933374;"3ª PIP - Centro/Zona Portuária";"Rio de Janeiro";"Territorial";"Centro/Zona Portuária";2020;6;"2020-06";9;1;0
29933374;"3ª PIP - Centro/Zona Portuária";"Rio de Janeiro";"Territorial";"Centro/Zona Portuária";2020;7;"2020-07";104;15;6
29933374;"3ª PIP - Centro/Zona Portuária";"Rio de Janeiro";"Territorial";"Centro/Zona Portuária";2020;8;"2020-08";168;23;4
29933374;"3ª PIP - Centro/Zona Portuária";"Rio de Janeiro";"Territorial";"Centro/Zona Portuária";2020;9;"2020-09";83;6;5
29933374;"3ª PIP - Centro/Zona Portuária";"Rio de Janeiro";"Territorial";"Centro/Zona Portuária";2020;10;"2020-10";155;16;6
29933374;"3ª PIP - Centro/Zona Portuária";"Rio de Janeiro";"Territorial";"Centro/Zona Portuária";2020;11;"2020-11";127;2;2
29933374;"3ª PIP - Centro/Zona Portuária";"Rio de Janeiro";"Territorial";"Centro/Zona Portuária";2020;12;"2020-12";132;1;0
29933374;"3ª PIP - Centro/Zona Portuária";"Rio de Janeiro";"Territorial";"Centro/Zona Portuária";2021;1;"2021-01";11;0;0
29933418;"1ª PIP - Méier/Tijuca";"Rio de Janeiro";"Territorial";"Méier/Tijuca";2020;3;"2020-03";6;3;0
29933418;"1ª PIP - Méier/Tijuca";"Rio de Janeiro";"Territorial";"Méier/Tijuca";2020;4;"2020-04";10;9;0
29933418;"1ª PIP - Méier/Tijuca";"Rio de Janeiro";"Territorial";"Méier/Tijuca";2020;5;"2020-05";7;6;0
29933418;"1ª PIP - Méier/Tijuca";"Rio de Janeiro";"Territorial";"Méier/Tijuca";2020;6;"2020-06";5;2;0
29933418;"1ª PIP - Méier/Tijuca";"Rio de Janeiro";"Territorial";"Méier/Tijuca";2020;7;"2020-07";55;14;5
29933418;"1ª PIP - Méier/Tijuca";"Rio de Janeiro";"Territorial";"Méier/Tijuca";2020;8;"2020-08";131;31;9
29933418;"1ª PIP - Méier/Tijuca";"Rio de Janeiro";"Territorial";"Méier/Tijuca";2020;9;"2020-09";73;15;7
29933418;"1ª PIP - Méier/Tijuca";"Rio de Janeiro";"Territorial";"Méier/Tijuca";2020;10;"2020-10";120;9;3
29933418;"1ª PIP - Méier/Tijuca";"Rio de Janeiro";"Territorial";"Méier/Tijuca";2020;11;"2020-11";54;9;2
29933418;"1ª PIP - Méier/Tijuca";"Rio de Janeiro";"Territorial";"Méier/Tijuca";2020;12;"2020-12";45;3;0
29933418;"1ª PIP - Méier/Tijuca";"Rio de Janeiro";"Territorial";"Méier/Tijuca";2021;1;"2021-01";1;0;0
29933469;"2ª PIP - Méier/Tijuca";"Rio de Janeiro";"Territorial";"Méier/Tijuca";2020;3;"2020-03";10;5;0
29933469;"2ª PIP - Méier/Tijuca";"Rio de Janeiro";"Territorial";"Méier/Tijuca";2020;4;"2020-04";7;7;0
29933469;"2ª PIP - Méier/Tijuca";"Rio de Janeiro";"Territorial";"Méier/Tijuca";2020;5;"2020-05";11;9;0
29933469;"2ª PIP - Méier/Tijuca";"Rio de Janeiro";"Territorial";"Méier/Tijuca";2020;6;"2020-06";8;2;0
29933469;"2ª PIP - Méier/Tijuca";"Rio de Janeiro";"Territorial";"Méier/Tijuca";2020;7;"2020-07";55;17;2
29933469;"2ª PIP - Méier/Tijuca";"Rio de Janeiro";"Territorial";"Méier/Tijuca";2020;8;"2020-08";122;23;7
29933469;"2ª PIP - Méier/Tijuca";"Rio de Janeiro";"Territorial";"Méier/Tijuca";2020;9;"2020-09";80;5;1
29933469;"2ª PIP - Méier/Tijuca";"Rio de Janeiro";"Territorial";"Méier/Tijuca";2020;10;"2020-10";108;11;2
29933469;"2ª PIP - Méier/Tijuca";"Rio de Janeiro";"Territorial";"Méier/Tijuca";2020;11;"2020-11";51;4;0
29933469;"2ª PIP - Méier/Tijuca";"Rio de Janeiro";"Territorial";"Méier/Tijuca";2020;12;"2020-12";45;1;1
29933470;"3ª PIP - Méier/Tijuca";"Rio de Janeiro";"Territorial";"Méier/Tijuca";2020;3;"2020-03";6;4;1
29933470;"3ª PIP - Méier/Tijuca";"Rio de Janeiro";"Territorial";"Méier/Tijuca";2020;4;"2020-04";7;7;0
29933470;"3ª PIP - Méier/Tijuca";"Rio de Janeiro";"Territorial";"Méier/Tijuca";2020;5;"2020-05";10;7;0
29933470;"3ª PIP - Méier/Tijuca";"Rio de Janeiro";"Territorial";"Méier/Tijuca";2020;6;"2020-06";5;4;0
29933470;"3ª PIP - Méier/Tijuca";"Rio de Janeiro";"Territorial";"Méier/Tijuca";2020;7;"2020-07";60;14;6
29933470;"3ª PIP - Méier/Tijuca";"Rio de Janeiro";"Territorial";"Méier/Tijuca";2020;8;"2020-08";125;52;3
29933470;"3ª PIP - Méier/Tijuca";"Rio de Janeiro";"Territorial";"Méier/Tijuca";2020;9;"2020-09";78;26;5
29933470;"3ª PIP - Méier/Tijuca";"Rio de Janeiro";"Territorial";"Méier/Tijuca";2020;10;"2020-10";109;19;5
29933470;"3ª PIP - Méier/Tijuca";"Rio de Janeiro";"Territorial";"Méier/Tijuca";2020;11;"2020-11";49;1;1
29933470;"3ª PIP - Méier/Tijuca";"Rio de Janeiro";"Territorial";"Méier/Tijuca";2020;12;"2020-12";42;1;0
29933470;"3ª PIP - Méier/Tijuca";"Rio de Janeiro";"Territorial";"Méier/Tijuca";2021;1;"2021-01";2;0;0
29933490;"4ª PIP - Méier/Tijuca";"Rio de Janeiro";"Territorial";"Méier/Tijuca";2020;3;"2020-03";7;1;0
29933490;"4ª PIP - Méier/Tijuca";"Rio de Janeiro";"Territorial";"Méier/Tijuca";2020;4;"2020-04";10;9;0
29933490;"4ª PIP - Méier/Tijuca";"Rio de Janeiro";"Territorial";"Méier/Tijuca";2020;5;"2020-05";9;9;0
29933490;"4ª PIP - Méier/Tijuca";"Rio de Janeiro";"Territorial";"Méier/Tijuca";2020;6;"2020-06";9;5;1
29933490;"4ª PIP - Méier/Tijuca";"Rio de Janeiro";"Territorial";"Méier/Tijuca";2020;7;"2020-07";52;15;2
29933490;"4ª PIP - Méier/Tijuca";"Rio de Janeiro";"Territorial";"Méier/Tijuca";2020;8;"2020-08";128;28;8
29933490;"4ª PIP - Méier/Tijuca";"Rio de Janeiro";"Territorial";"Méier/Tijuca";2020;9;"2020-09";76;21;3
29933490;"4ª PIP - Méier/Tijuca";"Rio de Janeiro";"Territorial";"Méier/Tijuca";2020;10;"2020-10";113;11;16
29933490;"4ª PIP - Méier/Tijuca";"Rio de Janeiro";"Territorial";"Méier/Tijuca";2020;11;"2020-11";58;5;4
29933490;"4ª PIP - Méier/Tijuca";"Rio de Janeiro";"Territorial";"Méier/Tijuca";2020;12;"2020-12";48;0;0
29933502;"1ª PIP - Ilha/Bonsucesso";"Rio de Janeiro";"Territorial";"Ilha/Bonsucesso";2020;3;"2020-03";42;4;6
29933502;"1ª PIP - Ilha/Bonsucesso";"Rio de Janeiro";"Territorial";"Ilha/Bonsucesso";2020;4;"2020-04";2;2;0
29933502;"1ª PIP - Ilha/Bonsucesso";"Rio de Janeiro";"Territorial";"Ilha/Bonsucesso";2020;5;"2020-05";6;2;1
29933502;"1ª PIP - Ilha/Bonsucesso";"Rio de Janeiro";"Territorial";"Ilha/Bonsucesso";2020;6;"2020-06";6;3;0
29933502;"1ª PIP - Ilha/Bonsucesso";"Rio de Janeiro";"Territorial";"Ilha/Bonsucesso";2020;7;"2020-07";120;20;23
29933502;"1ª PIP - Ilha/Bonsucesso";"Rio de Janeiro";"Territorial";"Ilha/Bonsucesso";2020;8;"2020-08";224;54;43
29933502;"1ª PIP - Ilha/Bonsucesso";"Rio de Janeiro";"Territorial";"Ilha/Bonsucesso";2020;9;"2020-09";152;20;22
29933502;"1ª PIP - Ilha/Bonsucesso";"Rio de Janeiro";"Territorial";"Ilha/Bonsucesso";2020;10;"2020-10";76;12;12
29933502;"1ª PIP - Ilha/Bonsucesso";"Rio de Janeiro";"Territorial";"Ilha/Bonsucesso";2020;11;"2020-11";74;13;7
29933502;"1ª PIP - Ilha/Bonsucesso";"Rio de Janeiro";"Territorial";"Ilha/Bonsucesso";2020;12;"2020-12";76;3;3
29933521;"2ª PIP - Ilha/Bonsucesso";"Rio de Janeiro";"Territorial";"Ilha/Bonsucesso";2020;3;"2020-03";27;9;6
29933521;"2ª PIP - Ilha/Bonsucesso";"Rio de Janeiro";"Territorial";"Ilha/Bonsucesso";2020;4;"2020-04";1;1;0
29933521;"2ª PIP - Ilha/Bonsucesso";"Rio de Janeiro";"Territorial";"Ilha/Bonsucesso";2020;5;"2020-05";2;0;0
29933521;"2ª PIP - Ilha/Bonsucesso";"Rio de Janeiro";"Territorial";"Ilha/Bonsucesso";2020;6;"2020-06";3;1;0
29933521;"2ª PIP - Ilha/Bonsucesso";"Rio de Janeiro";"Territorial";"Ilha/Bonsucesso";2020;7;"2020-07";100;9;14
29933521;"2ª PIP - Ilha/Bonsucesso";"Rio de Janeiro";"Territorial";"Ilha/Bonsucesso";2020;8;"2020-08";148;30;12
29933521;"2ª PIP - Ilha/Bonsucesso";"Rio de Janeiro";"Territorial";"Ilha/Bonsucesso";2020;9;"2020-09";92;12;2
29933521;"2ª PIP - Ilha/Bonsucesso";"Rio de Janeiro";"Territorial";"Ilha/Bonsucesso";2020;10;"2020-10";65;9;3
29933521;"2ª PIP - Ilha/Bonsucesso";"Rio de Janeiro";"Territorial";"Ilha/Bonsucesso";2020;11;"2020-11";53;8;3
29933521;"2ª PIP - Ilha/Bonsucesso";"Rio de Janeiro";"Territorial";"Ilha/Bonsucesso";2020;12;"2020-12";36;5;1
29933590;"1ª PIP - Penha/Irajá";"Rio de Janeiro";"Territorial";"Penha/Irajá";2020;3;"2020-03";6;4;1
29933590;"1ª PIP - Penha/Irajá";"Rio de Janeiro";"Territorial";"Penha/Irajá";2020;4;"2020-04";8;7;0
29933590;"1ª PIP - Penha/Irajá";"Rio de Janeiro";"Territorial";"Penha/Irajá";2020;5;"2020-05";6;4;0
29933590;"1ª PIP - Penha/Irajá";"Rio de Janeiro";"Territorial";"Penha/Irajá";2020;6;"2020-06";14;10;0
29933590;"1ª PIP - Penha/Irajá";"Rio de Janeiro";"Territorial";"Penha/Irajá";2020;7;"2020-07";139;47;1
29933590;"1ª PIP - Penha/Irajá";"Rio de Janeiro";"Territorial";"Penha/Irajá";2020;8;"2020-08";111;29;10
29933590;"1ª PIP - Penha/Irajá";"Rio de Janeiro";"Territorial";"Penha/Irajá";2020;9;"2020-09";97;15;3
29933590;"1ª PIP - Penha/Irajá";"Rio de Janeiro";"Territorial";"Penha/Irajá";2020;10;"2020-10";125;20;2
29933590;"1ª PIP - Penha/Irajá";"Rio de Janeiro";"Territorial";"Penha/Irajá";2020;11;"2020-11";68;7;0
29933590;"1ª PIP - Penha/Irajá";"Rio de Janeiro";"Territorial";"Penha/Irajá";2020;12;"2020-12";87;0;0
29933590;"1ª PIP - Penha/Irajá";"Rio de Janeiro";"Territorial";"Penha/Irajá";2021;1;"2021-01";8;0;0
29933830;"2ª PIP - Penha/Irajá";"Rio de Janeiro";"Territorial";"Penha/Irajá";2020;3;"2020-03";10;9;0
29933830;"2ª PIP - Penha/Irajá";"Rio de Janeiro";"Territorial";"Penha/Irajá";2020;4;"2020-04";5;4;0
29933830;"2ª PIP - Penha/Irajá";"Rio de Janeiro";"Territorial";"Penha/Irajá";2020;5;"2020-05";6;4;1
29933830;"2ª PIP - Penha/Irajá";"Rio de Janeiro";"Territorial";"Penha/Irajá";2020;6;"2020-06";18;15;1
29933830;"2ª PIP - Penha/Irajá";"Rio de Janeiro";"Territorial";"Penha/Irajá";2020;7;"2020-07";121;44;5
29933830;"2ª PIP - Penha/Irajá";"Rio de Janeiro";"Territorial";"Penha/Irajá";2020;8;"2020-08";111;16;11
29933830;"2ª PIP - Penha/Irajá";"Rio de Janeiro";"Territorial";"Penha/Irajá";2020;9;"2020-09";96;18;5
29933830;"2ª PIP - Penha/Irajá";"Rio de Janeiro";"Territorial";"Penha/Irajá";2020;10;"2020-10";125;18;6
29933830;"2ª PIP - Penha/Irajá";"Rio de Janeiro";"Territorial";"Penha/Irajá";2020;11;"2020-11";68;7;1
29933830;"2ª PIP - Penha/Irajá";"Rio de Janeiro";"Territorial";"Penha/Irajá";2020;12;"2020-12";88;0;0
29933830;"2ª PIP - Penha/Irajá";"Rio de Janeiro";"Territorial";"Penha/Irajá";2021;1;"2021-01";5;0;0
29933850;"3ª PIP - Penha/Irajá";"Rio de Janeiro";"Territorial";"Penha/Irajá";2020;3;"2020-03";6;4;0
29933850;"3ª PIP - Penha/Irajá";"Rio de Janeiro";"Territorial";"Penha/Irajá";2020;4;"2020-04";9;7;0
29933850;"3ª PIP - Penha/Irajá";"Rio de Janeiro";"Territorial";"Penha/Irajá";2020;5;"2020-05";5;2;0
29933850;"3ª PIP - Penha/Irajá";"Rio de Janeiro";"Territorial";"Penha/Irajá";2020;6;"2020-06";19;13;0
29933850;"3ª PIP - Penha/Irajá";"Rio de Janeiro";"Territorial";"Penha/Irajá";2020;7;"2020-07";128;48;6
29933850;"3ª PIP - Penha/Irajá";"Rio de Janeiro";"Territorial";"Penha/Irajá";2020;8;"2020-08";106;30;6
29933850;"3ª PIP - Penha/Irajá";"Rio de Janeiro";"Territorial";"Penha/Irajá";2020;9;"2020-09";94;22;2
29933850;"3ª PIP - Penha/Irajá";"Rio de Janeiro";"Territorial";"Penha/Irajá";2020;10;"2020-10";126;19;7
29933850;"3ª PIP - Penha/Irajá";"Rio de Janeiro";"Territorial";"Penha/Irajá";2020;11;"2020-11";62;14;1
29933850;"3ª PIP - Penha/Irajá";"Rio de Janeiro";"Territorial";"Penha/Irajá";2020;12;"2020-12";88;8;5
29933850;"3ª PIP - Penha/Irajá";"Rio de Janeiro";"Territorial";"Penha/Irajá";2021;1;"2021-01";6;0;0
29933955;"1ª PIP - Madureira/Jacarepaguá";"Rio de Janeiro";"Territorial";"Madureira/Jacarepaguá";2020;3;"2020-03";13;8;0
29933955;"1ª PIP - Madureira/Jacarepaguá";"Rio de Janeiro";"Territorial";"Madureira/Jacarepaguá";2020;4;"2020-04";14;11;0
29933955;"1ª PIP - Madureira/Jacarepaguá";"Rio de Janeiro";"Territorial";"Madureira/Jacarepaguá";2020;5;"2020-05";10;6;0
29933955;"1ª PIP - Madureira/Jacarepaguá";"Rio de Janeiro";"Territorial";"Madureira/Jacarepaguá";2020;6;"2020-06";23;7;3
29933955;"1ª PIP - Madureira/Jacarepaguá";"Rio de Janeiro";"Territorial";"Madureira/Jacarepaguá";2020;7;"2020-07";228;18;14
29933955;"1ª PIP - Madureira/Jacarepaguá";"Rio de Janeiro";"Territorial";"Madureira/Jacarepaguá";2020;8;"2020-08";131;18;11
29933955;"1ª PIP - Madureira/Jacarepaguá";"Rio de Janeiro";"Territorial";"Madureira/Jacarepaguá";2020;9;"2020-09";188;14;13
29933955;"1ª PIP - Madureira/Jacarepaguá";"Rio de Janeiro";"Territorial";"Madureira/Jacarepaguá";2020;10;"2020-10";121;18;9
29933955;"1ª PIP - Madureira/Jacarepaguá";"Rio de Janeiro";"Territorial";"Madureira/Jacarepaguá";2020;11;"2020-11";88;12;1
29933955;"1ª PIP - Madureira/Jacarepaguá";"Rio de Janeiro";"Territorial";"Madureira/Jacarepaguá";2020;12;"2020-12";130;8;4
29933967;"2ª PIP - Madureira/Jacarepaguá";"Rio de Janeiro";"Territorial";"Madureira/Jacarepaguá";2020;3;"2020-03";22;17;0
29933967;"2ª PIP - Madureira/Jacarepaguá";"Rio de Janeiro";"Territorial";"Madureira/Jacarepaguá";2020;4;"2020-04";7;6;0
29933967;"2ª PIP - Madureira/Jacarepaguá";"Rio de Janeiro";"Territorial";"Madureira/Jacarepaguá";2020;5;"2020-05";10;5;0
29933967;"2ª PIP - Madureira/Jacarepaguá";"Rio de Janeiro";"Territorial";"Madureira/Jacarepaguá";2020;6;"2020-06";28;6;0
29933967;"2ª PIP - Madureira/Jacarepaguá";"Rio de Janeiro";"Territorial";"Madureira/Jacarepaguá";2020;7;"2020-07";226;19;3
29933967;"2ª PIP - Madureira/Jacarepaguá";"Rio de Janeiro";"Territorial";"Madureira/Jacarepaguá";2020;8;"2020-08";139;13;12
29933967;"2ª PIP - Madureira/Jacarepaguá";"Rio de Janeiro";"Territorial";"Madureira/Jacarepaguá";2020;9;"2020-09";175;15;9
29933967;"2ª PIP - Madureira/Jacarepaguá";"Rio de Janeiro";"Territorial";"Madureira/Jacarepaguá";2020;10;"2020-10";111;3;0
29933967;"2ª PIP - Madureira/Jacarepaguá";"Rio de Janeiro";"Territorial";"Madureira/Jacarepaguá";2020;11;"2020-11";92;4;2
29933967;"2ª PIP - Madureira/Jacarepaguá";"Rio de Janeiro";"Territorial";"Madureira/Jacarepaguá";2020;12;"2020-12";126;4;0
29933967;"2ª PIP - Madureira/Jacarepaguá";"Rio de Janeiro";"Territorial";"Madureira/Jacarepaguá";2021;1;"2021-01";1;0;0
29933988;"3ª PIP - Madureira/Jacarepaguá";"Rio de Janeiro";"Territorial";"Madureira/Jacarepaguá";2020;3;"2020-03";21;8;2
29933988;"3ª PIP - Madureira/Jacarepaguá";"Rio de Janeiro";"Territorial";"Madureira/Jacarepaguá";2020;4;"2020-04";13;9;0
29933988;"3ª PIP - Madureira/Jacarepaguá";"Rio de Janeiro";"Territorial";"Madureira/Jacarepaguá";2020;5;"2020-05";9;3;0
29933988;"3ª PIP - Madureira/Jacarepaguá";"Rio de Janeiro";"Territorial";"Madureira/Jacarepaguá";2020;6;"2020-06";20;4;1
29933988;"3ª PIP - Madureira/Jacarepaguá";"Rio de Janeiro";"Territorial";"Madureira/Jacarepaguá";2020;7;"2020-07";231;5;1
29933988;"3ª PIP - Madureira/Jacarepaguá";"Rio de Janeiro";"Territorial";"Madureira/Jacarepaguá";2020;8;"2020-08";140;7;10
29933988;"3ª PIP - Madureira/Jacarepaguá";"Rio de Janeiro";"Territorial";"Madureira/Jacarepaguá";2020;9;"2020-09";164;0;3
29933988;"3ª PIP - Madureira/Jacarepaguá";"Rio de Janeiro";"Territorial";"Madureira/Jacarepaguá";2020;10;"2020-10";123;3;0
29933988;"3ª PIP - Madureira/Jacarepaguá";"Rio de Janeiro";"Territorial";"Madureira/Jacarepaguá";2020;11;"2020-11";77;1;0
29933988;"3ª PIP - Madureira/Jacarepaguá";"Rio de Janeiro";"Territorial";"Madureira/Jacarepaguá";2020;12;"2020-12";128;0;0
29933988;"3ª PIP - Madureira/Jacarepaguá";"Rio de Janeiro";"Territorial";"Madureira/Jacarepaguá";2021;1;"2021-01";2;0;0
29934004;"1ª PIP - Bangu/Campo Grande";"Rio de Janeiro";"Territorial";"Bangu/Campo Grande";2020;3;"2020-03";9;3;0
29934004;"1ª PIP - Bangu/Campo Grande";"Rio de Janeiro";"Territorial";"Bangu/Campo Grande";2020;4;"2020-04";1;0;0
29934004;"1ª PIP - Bangu/Campo Grande";"Rio de Janeiro";"Territorial";"Bangu/Campo Grande";2020;5;"2020-05";2;0;1
29934004;"1ª PIP - Bangu/Campo Grande";"Rio de Janeiro";"Territorial";"Bangu/Campo Grande";2020;6;"2020-06";3;1;0
29934004;"1ª PIP - Bangu/Campo Grande";"Rio de Janeiro";"Territorial";"Bangu/Campo Grande";2020;7;"2020-07";151;6;0
29934004;"1ª PIP - Bangu/Campo Grande";"Rio de Janeiro";"Territorial";"Bangu/Campo Grande";2020;8;"2020-08";57;4;0
29934004;"1ª PIP - Bangu/Campo Grande";"Rio de Janeiro";"Territorial";"Bangu/Campo Grande";2020;9;"2020-09";59;3;2
29934004;"1ª PIP - Bangu/Campo Grande";"Rio de Janeiro";"Territorial";"Bangu/Campo Grande";2020;10;"2020-10";77;3;0
29934004;"1ª PIP - Bangu/Campo Grande";"Rio de Janeiro";"Territorial";"Bangu/Campo Grande";2020;11;"2020-11";86;4;0
29934004;"1ª PIP - Bangu/Campo Grande";"Rio de Janeiro";"Territorial";"Bangu/Campo Grande";2020;12;"2020-12";65;3;1
29934012;"2ª PIP - Bangu/Campo Grande";"Rio de Janeiro";"Territorial";"Bangu/Campo Grande";2020;3;"2020-03";52;5;1
29934012;"2ª PIP - Bangu/Campo Grande";"Rio de Janeiro";"Territorial";"Bangu/Campo Grande";2020;4;"2020-04";3;3;0
29934012;"2ª PIP - Bangu/Campo Grande";"Rio de Janeiro";"Territorial";"Bangu/Campo Grande";2020;5;"2020-05";7;2;1
29934012;"2ª PIP - Bangu/Campo Grande";"Rio de Janeiro";"Territorial";"Bangu/Campo Grande";2020;6;"2020-06";10;4;0
29934012;"2ª PIP - Bangu/Campo Grande";"Rio de Janeiro";"Territorial";"Bangu/Campo Grande";2020;7;"2020-07";147;19;17
29934012;"2ª PIP - Bangu/Campo Grande";"Rio de Janeiro";"Territorial";"Bangu/Campo Grande";2020;8;"2020-08";64;5;4
29934012;"2ª PIP - Bangu/Campo Grande";"Rio de Janeiro";"Territorial";"Bangu/Campo Grande";2020;9;"2020-09";84;13;7
29934012;"2ª PIP - Bangu/Campo Grande";"Rio de Janeiro";"Territorial";"Bangu/Campo Grande";2020;10;"2020-10";119;4;18
29934012;"2ª PIP - Bangu/Campo Grande";"Rio de Janeiro";"Territorial";"Bangu/Campo Grande";2020;11;"2020-11";115;5;10
29934012;"2ª PIP - Bangu/Campo Grande";"Rio de Janeiro";"Territorial";"Bangu/Campo Grande";2020;12;"2020-12";70;2;3
29934012;"2ª PIP - Bangu/Campo Grande";"Rio de Janeiro";"Territorial";"Bangu/Campo Grande";2021;1;"2021-01";1;0;0
29934277;"3ª PIP - Bangu/Campo Grande";"Rio de Janeiro";"Territorial";"Bangu/Campo Grande";2020;3;"2020-03";13;3;0
29934277;"3ª PIP - Bangu/Campo Grande";"Rio de Janeiro";"Territorial";"Bangu/Campo Grande";2020;4;"2020-04";3;3;0
29934277;"3ª PIP - Bangu/Campo Grande";"Rio de Janeiro";"Territorial";"Bangu/Campo Grande";2020;5;"2020-05";3;0;0
29934277;"3ª PIP - Bangu/Campo Grande";"Rio de Janeiro";"Territorial";"Bangu/Campo Grande";2020;6;"2020-06";8;2;2
29934277;"3ª PIP - Bangu/Campo Grande";"Rio de Janeiro";"Territorial";"Bangu/Campo Grande";2020;7;"2020-07";131;5;0
29934277;"3ª PIP - Bangu/Campo Grande";"Rio de Janeiro";"Territorial";"Bangu/Campo Grande";2020;8;"2020-08";52;0;0
29934277;"3ª PIP - Bangu/Campo Grande";"Rio de Janeiro";"Territorial";"Bangu/Campo Grande";2020;9;"2020-09";62;0;0
29934277;"3ª PIP - Bangu/Campo Grande";"Rio de Janeiro";"Territorial";"Bangu/Campo Grande";2020;10;"2020-10";60;0;0
29934277;"3ª PIP - Bangu/Campo Grande";"Rio de Janeiro";"Territorial";"Bangu/Campo Grande";2020;11;"2020-11";79;0;1
29934277;"3ª PIP - Bangu/Campo Grande";"Rio de Janeiro";"Territorial";"Bangu/Campo Grande";2020;12;"2020-12";65;0;1
29934303;"1ª PIP - Zona Sul/Barra";"Rio de Janeiro";"Territorial";"Zona Sul/Barra";2020;3;"2020-03";45;6;4
29934303;"1ª PIP - Zona Sul/Barra";"Rio de Janeiro";"Territorial";"Zona Sul/Barra";2020;4;"2020-04";8;5;0
29934303;"1ª PIP - Zona Sul/Barra";"Rio de Janeiro";"Territorial";"Zona Sul/Barra";2020;5;"2020-05";3;2;0
29934303;"1ª PIP - Zona Sul/Barra";"Rio de Janeiro";"Territorial";"Zona Sul/Barra";2020;6;"2020-06";22;10;0
29934303;"1ª PIP - Zona Sul/Barra";"Rio de Janeiro";"Territorial";"Zona Sul/Barra";2020;7;"2020-07";151;46;18
29934303;"1ª PIP - Zona Sul/Barra";"Rio de Janeiro";"Territorial";"Zona Sul/Barra";2020;8;"2020-08";120;35;21
29934303;"1ª PIP - Zona Sul/Barra";"Rio de Janeiro";"Territorial";"Zona Sul/Barra";2020;9;"2020-09";113;16;10
29934303;"1ª PIP - Zona Sul/Barra";"Rio de Janeiro";"Territorial";"Zona Sul/Barra";2020;10;"2020-10";165;7;3
29934303;"1ª PIP - Zona Sul/Barra";"Rio de Janeiro";"Territorial";"Zona Sul/Barra";2020;11;"2020-11";82;6;1
29934303;"1ª PIP - Zona Sul/Barra";"Rio de Janeiro";"Territorial";"Zona Sul/Barra";2020;12;"2020-12";110;4;0
29934337;"2ª PIP - Zona Sul/Barra";"Rio de Janeiro";"Territorial";"Zona Sul/Barra";2020;3;"2020-03";48;15;10
29934337;"2ª PIP - Zona Sul/Barra";"Rio de Janeiro";"Territorial";"Zona Sul/Barra";2020;4;"2020-04";9;8;0
29934337;"2ª PIP - Zona Sul/Barra";"Rio de Janeiro";"Territorial";"Zona Sul/Barra";2020;5;"2020-05";4;3;0
29934337;"2ª PIP - Zona Sul/Barra";"Rio de Janeiro";"Territorial";"Zona Sul/Barra";2020;6;"2020-06";23;4;2
29934337;"2ª PIP - Zona Sul/Barra";"Rio de Janeiro";"Territorial";"Zona Sul/Barra";2020;7;"2020-07";147;48;14
29934337;"2ª PIP - Zona Sul/Barra";"Rio de Janeiro";"Territorial";"Zona Sul/Barra";2020;8;"2020-08";111;28;10
29934337;"2ª PIP - Zona Sul/Barra";"Rio de Janeiro";"Territorial";"Zona Sul/Barra";2020;9;"2020-09";115;20;13
29934337;"2ª PIP - Zona Sul/Barra";"Rio de Janeiro";"Territorial";"Zona Sul/Barra";2020;10;"2020-10";166;25;9
29934337;"2ª PIP - Zona Sul/Barra";"Rio de Janeiro";"Territorial";"Zona Sul/Barra";2020;11;"2020-11";85;16;5
29934337;"2ª PIP - Zona Sul/Barra";"Rio de Janeiro";"Territorial";"Zona Sul/Barra";2020;12;"2020-12";113;8;1
29934363;"1ª PIP - Santa Cruz";"Rio de Janeiro";"Territorial";"Santa Cruz";2020;3;"2020-03";27;5;3
29934363;"1ª PIP - Santa Cruz";"Rio de Janeiro";"Territorial";"Santa Cruz";2020;4;"2020-04";1;1;0
29934363;"1ª PIP - Santa Cruz";"Rio de Janeiro";"Territorial";"Santa Cruz";2020;5;"2020-05";2;2;0
29934363;"1ª PIP - Santa Cruz";"Rio de Janeiro";"Territorial";"Santa Cruz";2020;6;"2020-06";3;3;0
29934363;"1ª PIP - Santa Cruz";"Rio de Janeiro";"Territorial";"Santa Cruz";2020;7;"2020-07";47;4;12
29934363;"1ª PIP - Santa Cruz";"Rio de Janeiro";"Territorial";"Santa Cruz";2020;8;"2020-08";71;17;12
29934363;"1ª PIP - Santa Cruz";"Rio de Janeiro";"Territorial";"Santa Cruz";2020;9;"2020-09";75;15;6
29934363;"1ª PIP - Santa Cruz";"Rio de Janeiro";"Territorial";"Santa Cruz";2020;10;"2020-10";136;13;10
29934363;"1ª PIP - Santa Cruz";"Rio de Janeiro";"Territorial";"Santa Cruz";2020;11;"2020-11";99;1;4
29934363;"1ª PIP - Santa Cruz";"Rio de Janeiro";"Territorial";"Santa Cruz";2020;12;"2020-12";49;4;2
29934363;"1ª PIP - Santa Cruz";"Rio de Janeiro";"Territorial";"Santa Cruz";2021;1;"2021-01";1;0;0
29934376;"2ª PIP - Santa Cruz";"Rio de Janeiro";"Territorial";"Santa Cruz";2020;3;"2020-03";27;3;0
29934376;"2ª PIP - Santa Cruz";"Rio de Janeiro";"Territorial";"Santa Cruz";2020;4;"2020-04";1;1;0
29934376;"2ª PIP - Santa Cruz";"Rio de Janeiro";"Territorial";"Santa Cruz";2020;5;"2020-05";1;1;0
29934376;"2ª PIP - Santa Cruz";"Rio de Janeiro";"Territorial";"Santa Cruz";2020;6;"2020-06";2;2;0
29934376;"2ª PIP - Santa Cruz";"Rio de Janeiro";"Territorial";"Santa Cruz";2020;7;"2020-07";31;6;6
29934376;"2ª PIP - Santa Cruz";"Rio de Janeiro";"Territorial";"Santa Cruz";2020;8;"2020-08";39;8;2
29934376;"2ª PIP - Santa Cruz";"Rio de Janeiro";"Territorial";"Santa Cruz";2020;9;"2020-09";56;7;1
29934376;"2ª PIP - Santa Cruz";"Rio de Janeiro";"Territorial";"Santa Cruz";2020;10;"2020-10";91;3;7
29934376;"2ª PIP - Santa Cruz";"Rio de Janeiro";"Territorial";"Santa Cruz";2020;11;"2020-11";60;4;0
29934376;"2ª PIP - Santa Cruz";"Rio de Janeiro";"Territorial";"Santa Cruz";2020;12;"2020-12";24;0;0
29934401;"1ª PIP - VD Oeste/Jacarepaguá";"Rio de Janeiro";"Violência contra mulher";"Área Oeste/Jacarepaguá";2020;3;"2020-03";172;30;27
29934401;"1ª PIP - VD Oeste/Jacarepaguá";"Rio de Janeiro";"Violência contra mulher";"Área Oeste/Jacarepaguá";2020;4;"2020-04";3;1;0
29934401;"1ª PIP - VD Oeste/Jacarepaguá";"Rio de Janeiro";"Violência contra mulher";"Área Oeste/Jacarepaguá";2020;5;"2020-05";8;5;1
29934401;"1ª PIP - VD Oeste/Jacarepaguá";"Rio de Janeiro";"Violência contra mulher";"Área Oeste/Jacarepaguá";2020;6;"2020-06";139;29;26
29934401;"1ª PIP - VD Oeste/Jacarepaguá";"Rio de Janeiro";"Violência contra mulher";"Área Oeste/Jacarepaguá";2020;7;"2020-07";533;107;47
29934401;"1ª PIP - VD Oeste/Jacarepaguá";"Rio de Janeiro";"Violência contra mulher";"Área Oeste/Jacarepaguá";2020;8;"2020-08";449;68;10
29934401;"1ª PIP - VD Oeste/Jacarepaguá";"Rio de Janeiro";"Violência contra mulher";"Área Oeste/Jacarepaguá";2020;9;"2020-09";393;63;16
29934401;"1ª PIP - VD Oeste/Jacarepaguá";"Rio de Janeiro";"Violência contra mulher";"Área Oeste/Jacarepaguá";2020;10;"2020-10";305;22;5
29934401;"1ª PIP - VD Oeste/Jacarepaguá";"Rio de Janeiro";"Violência contra mulher";"Área Oeste/Jacarepaguá";2020;11;"2020-11";396;1;8
29934401;"1ª PIP - VD Oeste/Jacarepaguá";"Rio de Janeiro";"Violência contra mulher";"Área Oeste/Jacarepaguá";2020;12;"2020-12";459;1;1
29934401;"1ª PIP - VD Oeste/Jacarepaguá";"Rio de Janeiro";"Violência contra mulher";"Área Oeste/Jacarepaguá";2021;1;"2021-01";3;0;0
29934732;"2ª PIP - VD Oeste/Jacarepaguá";"Rio de Janeiro";"Violência contra mulher";"Área Oeste/Jacarepaguá";2020;3;"2020-03";180;42;36
29934732;"2ª PIP - VD Oeste/Jacarepaguá";"Rio de Janeiro";"Violência contra mulher";"Área Oeste/Jacarepaguá";2020;4;"2020-04";3;1;0
29934732;"2ª PIP - VD Oeste/Jacarepaguá";"Rio de Janeiro";"Violência contra mulher";"Área Oeste/Jacarepaguá";2020;5;"2020-05";5;2;0
29934732;"2ª PIP - VD Oeste/Jacarepaguá";"Rio de Janeiro";"Violência contra mulher";"Área Oeste/Jacarepaguá";2020;6;"2020-06";125;38;19
29934732;"2ª PIP - VD Oeste/Jacarepaguá";"Rio de Janeiro";"Violência contra mulher";"Área Oeste/Jacarepaguá";2020;7;"2020-07";518;128;53
29934732;"2ª PIP - VD Oeste/Jacarepaguá";"Rio de Janeiro";"Violência contra mulher";"Área Oeste/Jacarepaguá";2020;8;"2020-08";463;89;57
29934732;"2ª PIP - VD Oeste/Jacarepaguá";"Rio de Janeiro";"Violência contra mulher";"Área Oeste/Jacarepaguá";2020;9;"2020-09";389;86;55
29934732;"2ª PIP - VD Oeste/Jacarepaguá";"Rio de Janeiro";"Violência contra mulher";"Área Oeste/Jacarepaguá";2020;10;"2020-10";331;51;36
29934732;"2ª PIP - VD Oeste/Jacarepaguá";"Rio de Janeiro";"Violência contra mulher";"Área Oeste/Jacarepaguá";2020;11;"2020-11";393;53;33
29934732;"2ª PIP - VD Oeste/Jacarepaguá";"Rio de Janeiro";"Violência contra mulher";"Área Oeste/Jacarepaguá";2020;12;"2020-12";499;6;0
29934732;"2ª PIP - VD Oeste/Jacarepaguá";"Rio de Janeiro";"Violência contra mulher";"Área Oeste/Jacarepaguá";2021;1;"2021-01";3;0;0
29941061;"1ª PIP - VD Centro";"Rio de Janeiro";"Violência contra mulher";"Área Centro";2020;3;"2020-03";26;10;9
29941061;"1ª PIP - VD Centro";"Rio de Janeiro";"Violência contra mulher";"Área Centro";2020;4;"2020-04";1;0;0
29941061;"1ª PIP - VD Centro";"Rio de Janeiro";"Violência contra mulher";"Área Centro";2020;5;"2020-05";15;12;2
29941061;"1ª PIP - VD Centro";"Rio de Janeiro";"Violência contra mulher";"Área Centro";2020;6;"2020-06";165;86;38
29941061;"1ª PIP - VD Centro";"Rio de Janeiro";"Violência contra mulher";"Área Centro";2020;7;"2020-07";325;121;74
29941061;"1ª PIP - VD Centro";"Rio de Janeiro";"Violência contra mulher";"Área Centro";2020;8;"2020-08";650;264;167
29941061;"1ª PIP - VD Centro";"Rio de Janeiro";"Violência contra mulher";"Área Centro";2020;9;"2020-09";408;133;69
29941061;"1ª PIP - VD Centro";"Rio de Janeiro";"Violência contra mulher";"Área Centro";2020;10;"2020-10";315;72;35
29941061;"1ª PIP - VD Centro";"Rio de Janeiro";"Violência contra mulher";"Área Centro";2020;11;"2020-11";222;75;10
29941061;"1ª PIP - VD Centro";"Rio de Janeiro";"Violência contra mulher";"Área Centro";2020;12;"2020-12";280;62;7
29941061;"1ª PIP - VD Centro";"Rio de Janeiro";"Violência contra mulher";"Área Centro";2021;1;"2021-01";6;0;0
29941071;"2ª PIP - VD Centro";"Rio de Janeiro";"Violência contra mulher";"Área Centro";2020;3;"2020-03";28;12;7
29941071;"2ª PIP - VD Centro";"Rio de Janeiro";"Violência contra mulher";"Área Centro";2020;4;"2020-04";3;3;0
29941071;"2ª PIP - VD Centro";"Rio de Janeiro";"Violência contra mulher";"Área Centro";2020;5;"2020-05";14;9;2
29941071;"2ª PIP - VD Centro";"Rio de Janeiro";"Violência contra mulher";"Área Centro";2020;6;"2020-06";163;106;25
29941071;"2ª PIP - VD Centro";"Rio de Janeiro";"Violência contra mulher";"Área Centro";2020;7;"2020-07";339;154;46
29941071;"2ª PIP - VD Centro";"Rio de Janeiro";"Violência contra mulher";"Área Centro";2020;8;"2020-08";658;325;87
29941071;"2ª PIP - VD Centro";"Rio de Janeiro";"Violência contra mulher";"Área Centro";2020;9;"2020-09";361;152;34
29941071;"2ª PIP - VD Centro";"Rio de Janeiro";"Violência contra mulher";"Área Centro";2020;10;"2020-10";312;107;25
29941071;"2ª PIP - VD Centro";"Rio de Janeiro";"Violência contra mulher";"Área Centro";2020;11;"2020-11";207;43;10
29941071;"2ª PIP - VD Centro";"Rio de Janeiro";"Violência contra mulher";"Área Centro";2020;12;"2020-12";281;29;6
29941071;"2ª PIP - VD Centro";"Rio de Janeiro";"Violência contra mulher";"Área Centro";2021;1;"2021-01";6;0;0
29941099;"1ª PIP - Especializada Rio de Janeiro";"Rio de Janeiro";"Especializada";"Rio de Janeiro";2020;3;"2020-03";12;1;0
29941099;"1ª PIP - Especializada Rio de Janeiro";"Rio de Janeiro";"Especializada";"Rio de Janeiro";2020;4;"2020-04";2;1;0
29941099;"1ª PIP - Especializada Rio de Janeiro";"Rio de Janeiro";"Especializada";"Rio de Janeiro";2020;5;"2020-05";7;1;0
29941099;"1ª PIP - Especializada Rio de Janeiro";"Rio de Janeiro";"Especializada";"Rio de Janeiro";2020;6;"2020-06";19;5;1
29941099;"1ª PIP - Especializada Rio de Janeiro";"Rio de Janeiro";"Especializada";"Rio de Janeiro";2020;7;"2020-07";105;4;2
29941099;"1ª PIP - Especializada Rio de Janeiro";"Rio de Janeiro";"Especializada";"Rio de Janeiro";2020;8;"2020-08";68;3;5
29941099;"1ª PIP - Especializada Rio de Janeiro";"Rio de Janeiro";"Especializada";"Rio de Janeiro";2020;9;"2020-09";79;0;8
29941099;"1ª PIP - Especializada Rio de Janeiro";"Rio de Janeiro";"Especializada";"Rio de Janeiro";2020;10;"2020-10";128;2;1
29941099;"1ª PIP - Especializada Rio de Janeiro";"Rio de Janeiro";"Especializada";"Rio de Janeiro";2020;11;"2020-11";131;0;1
29941099;"1ª PIP - Especializada Rio de Janeiro";"Rio de Janeiro";"Especializada";"Rio de Janeiro";2020;12;"2020-12";45;0;1
29941099;"1ª PIP - Especializada Rio de Janeiro";"Rio de Janeiro";"Especializada";"Rio de Janeiro";2021;1;"2021-01";2;0;0
29941140;"2ª PIP - Especializada Rio de Janeiro";"Rio de Janeiro";"Especializada";"Rio de Janeiro";2020;3;"2020-03";12;2;0
29941140;"2ª PIP - Especializada Rio de Janeiro";"Rio de Janeiro";"Especializada";"Rio de Janeiro";2020;4;"2020-04";4;2;0
29941140;"2ª PIP - Especializada Rio de Janeiro";"Rio de Janeiro";"Especializada";"Rio de Janeiro";2020;5;"2020-05";12;6;2
29941140;"2ª PIP - Especializada Rio de Janeiro";"Rio de Janeiro";"Especializada";"Rio de Janeiro";2020;6;"2020-06";30;0;2
29941140;"2ª PIP - Especializada Rio de Janeiro";"Rio de Janeiro";"Especializada";"Rio de Janeiro";2020;7;"2020-07";104;5;8
29941140;"2ª PIP - Especializada Rio de Janeiro";"Rio de Janeiro";"Especializada";"Rio de Janeiro";2020;8;"2020-08";61;4;7
29941140;"2ª PIP - Especializada Rio de Janeiro";"Rio de Janeiro";"Especializada";"Rio de Janeiro";2020;9;"2020-09";75;2;7
29941140;"2ª PIP - Especializada Rio de Janeiro";"Rio de Janeiro";"Especializada";"Rio de Janeiro";2020;10;"2020-10";116;1;8
29941140;"2ª PIP - Especializada Rio de Janeiro";"Rio de Janeiro";"Especializada";"Rio de Janeiro";2020;11;"2020-11";110;2;6
29941140;"2ª PIP - Especializada Rio de Janeiro";"Rio de Janeiro";"Especializada";"Rio de Janeiro";2020;12;"2020-12";37;0;0
29941140;"2ª PIP - Especializada Rio de Janeiro";"Rio de Janeiro";"Especializada";"Rio de Janeiro";2021;1;"2021-01";3;0;0
29941222;"3ª PIP - Especializada Rio de Janeiro";"Rio de Janeiro";"Especializada";"Rio de Janeiro";2020;3;"2020-03";13;7;0
29941222;"3ª PIP - Especializada Rio de Janeiro";"Rio de Janeiro";"Especializada";"Rio de Janeiro";2020;4;"2020-04";2;1;0
29941222;"3ª PIP - Especializada Rio de Janeiro";"Rio de Janeiro";"Especializada";"Rio de Janeiro";2020;5;"2020-05";8;1;1
29941222;"3ª PIP - Especializada Rio de Janeiro";"Rio de Janeiro";"Especializada";"Rio de Janeiro";2020;6;"2020-06";19;2;0
29941222;"3ª PIP - Especializada Rio de Janeiro";"Rio de Janeiro";"Especializada";"Rio de Janeiro";2020;7;"2020-07";104;7;2
29941222;"3ª PIP - Especializada Rio de Janeiro";"Rio de Janeiro";"Especializada";"Rio de Janeiro";2020;8;"2020-08";79;12;9
29941222;"3ª PIP - Especializada Rio de Janeiro";"Rio de Janeiro";"Especializada";"Rio de Janeiro";2020;9;"2020-09";72;9;6
29941222;"3ª PIP - Especializada Rio de Janeiro";"Rio de Janeiro";"Especializada";"Rio de Janeiro";2020;10;"2020-10";111;2;5
29941222;"3ª PIP - Especializada Rio de Janeiro";"Rio de Janeiro";"Especializada";"Rio de Janeiro";2020;11;"2020-11";122;1;1
29941222;"3ª PIP - Especializada Rio de Janeiro";"Rio de Janeiro";"Especializada";"Rio de Janeiro";2020;12;"2020-12";53;0;1
29941222;"3ª PIP - Especializada Rio de Janeiro";"Rio de Janeiro";"Especializada";"Rio de Janeiro";2021;1;"2021-01";1;0;0
29941251;"4ª PIP - Especializada Rio de Janeiro";"Rio de Janeiro";"Especializada";"Rio de Janeiro";2020;3;"2020-03";13;4;0
29941251;"4ª PIP - Especializada Rio de Janeiro";"Rio de Janeiro";"Especializada";"Rio de Janeiro";2020;4;"2020-04";1;0;0
29941251;"4ª PIP - Especializada Rio de Janeiro";"Rio de Janeiro";"Especializada";"Rio de Janeiro";2020;5;"2020-05";16;1;0
29941251;"4ª PIP - Especializada Rio de Janeiro";"Rio de Janeiro";"Especializada";"Rio de Janeiro";2020;6;"2020-06";16;1;0
29941251;"4ª PIP - Especializada Rio de Janeiro";"Rio de Janeiro";"Especializada";"Rio de Janeiro";2020;7;"2020-07";112;0;0
29941251;"4ª PIP - Especializada Rio de Janeiro";"Rio de Janeiro";"Especializada";"Rio de Janeiro";2020;8;"2020-08";81;0;0
29941251;"4ª PIP - Especializada Rio de Janeiro";"Rio de Janeiro";"Especializada";"Rio de Janeiro";2020;9;"2020-09";83;0;3
29941251;"4ª PIP - Especializada Rio de Janeiro";"Rio de Janeiro";"Especializada";"Rio de Janeiro";2020;10;"2020-10";110;0;0
29941251;"4ª PIP - Especializada Rio de Janeiro";"Rio de Janeiro";"Especializada";"Rio de Janeiro";2020;11;"2020-11";126;2;0
29941251;"4ª PIP - Especializada Rio de Janeiro";"Rio de Janeiro";"Especializada";"Rio de Janeiro";2020;12;"2020-12";40;0;0
29941251;"4ª PIP - Especializada Rio de Janeiro";"Rio de Janeiro";"Especializada";"Rio de Janeiro";2021;1;"2021-01";4;0;0
29941322;"PIP - VD Nova Iguaçu";"Duque de Caxias/Nova Iguaçu";"Violência contra mulher";"Área Nova Iguaçu";2020;3;"2020-03";154;24;10
29941322;"PIP - VD Nova Iguaçu";"Duque de Caxias/Nova Iguaçu";"Violência contra mulher";"Área Nova Iguaçu";2020;4;"2020-04";13;1;0
29941322;"PIP - VD Nova Iguaçu";"Duque de Caxias/Nova Iguaçu";"Violência contra mulher";"Área Nova Iguaçu";2020;5;"2020-05";41;14;3
29941322;"PIP - VD Nova Iguaçu";"Duque de Caxias/Nova Iguaçu";"Violência contra mulher";"Área Nova Iguaçu";2020;6;"2020-06";79;16;4
29941322;"PIP - VD Nova Iguaçu";"Duque de Caxias/Nova Iguaçu";"Violência contra mulher";"Área Nova Iguaçu";2020;7;"2020-07";792;87;68
29941322;"PIP - VD Nova Iguaçu";"Duque de Caxias/Nova Iguaçu";"Violência contra mulher";"Área Nova Iguaçu";2020;8;"2020-08";693;112;56
29941322;"PIP - VD Nova Iguaçu";"Duque de Caxias/Nova Iguaçu";"Violência contra mulher";"Área Nova Iguaçu";2020;9;"2020-09";413;57;58
29941322;"PIP - VD Nova Iguaçu";"Duque de Caxias/Nova Iguaçu";"Violência contra mulher";"Área Nova Iguaçu";2020;10;"2020-10";339;53;40
29941322;"PIP - VD Nova Iguaçu";"Duque de Caxias/Nova Iguaçu";"Violência contra mulher";"Área Nova Iguaçu";2020;11;"2020-11";226;28;14
29941322;"PIP - VD Nova Iguaçu";"Duque de Caxias/Nova Iguaçu";"Violência contra mulher";"Área Nova Iguaçu";2020;12;"2020-12";197;0;0
29941322;"PIP - VD Nova Iguaçu";"Duque de Caxias/Nova Iguaçu";"Violência contra mulher";"Área Nova Iguaçu";2021;1;"2021-01";3;0;0
29941368;"1ª PIP - Especializada Niterói/São Gonçalo";"Niterói/São Gonçalo";"Especializada";"Niterói/São Gonçalo";2020;3;"2020-03";41;0;2
29941368;"1ª PIP - Especializada Niterói/São Gonçalo";"Niterói/São Gonçalo";"Especializada";"Niterói/São Gonçalo";2020;4;"2020-04";16;0;0
29941368;"1ª PIP - Especializada Niterói/São Gonçalo";"Niterói/São Gonçalo";"Especializada";"Niterói/São Gonçalo";2020;5;"2020-05";6;0;0
29941368;"1ª PIP - Especializada Niterói/São Gonçalo";"Niterói/São Gonçalo";"Especializada";"Niterói/São Gonçalo";2020;6;"2020-06";11;0;2
29941368;"1ª PIP - Especializada Niterói/São Gonçalo";"Niterói/São Gonçalo";"Especializada";"Niterói/São Gonçalo";2020;7;"2020-07";27;1;2
29941368;"1ª PIP - Especializada Niterói/São Gonçalo";"Niterói/São Gonçalo";"Especializada";"Niterói/São Gonçalo";2020;8;"2020-08";47;3;4
29941368;"1ª PIP - Especializada Niterói/São Gonçalo";"Niterói/São Gonçalo";"Especializada";"Niterói/São Gonçalo";2020;9;"2020-09";26;1;1
29941368;"1ª PIP - Especializada Niterói/São Gonçalo";"Niterói/São Gonçalo";"Especializada";"Niterói/São Gonçalo";2020;10;"2020-10";26;0;0
29941368;"1ª PIP - Especializada Niterói/São Gonçalo";"Niterói/São Gonçalo";"Especializada";"Niterói/São Gonçalo";2020;11;"2020-11";35;0;0
29941368;"1ª PIP - Especializada Niterói/São Gonçalo";"Niterói/São Gonçalo";"Especializada";"Niterói/São Gonçalo";2020;12;"2020-12";13;0;0
29941368;"1ª PIP - Especializada Niterói/São Gonçalo";"Niterói/São Gonçalo";"Especializada";"Niterói/São Gonçalo";2021;1;"2021-01";1;0;0
30034384;"1ª PIP - Niterói";"Niterói/São Gonçalo";"Territorial";"Niterói";2020;3;"2020-03";70;19;7
30034384;"1ª PIP - Niterói";"Niterói/São Gonçalo";"Territorial";"Niterói";2020;4;"2020-04";28;9;2
30034384;"1ª PIP - Niterói";"Niterói/São Gonçalo";"Territorial";"Niterói";2020;5;"2020-05";30;13;3
30034384;"1ª PIP - Niterói";"Niterói/São Gonçalo";"Territorial";"Niterói";2020;6;"2020-06";73;13;4
30034384;"1ª PIP - Niterói";"Niterói/São Gonçalo";"Territorial";"Niterói";2020;7;"2020-07";95;18;9
30034384;"1ª PIP - Niterói";"Niterói/São Gonçalo";"Territorial";"Niterói";2020;8;"2020-08";69;16;3
30034384;"1ª PIP - Niterói";"Niterói/São Gonçalo";"Territorial";"Niterói";2020;9;"2020-09";95;12;3
30034384;"1ª PIP - Niterói";"Niterói/São Gonçalo";"Territorial";"Niterói";2020;10;"2020-10";74;9;0
30034384;"1ª PIP - Niterói";"Niterói/São Gonçalo";"Territorial";"Niterói";2020;11;"2020-11";53;1;4
30034384;"1ª PIP - Niterói";"Niterói/São Gonçalo";"Territorial";"Niterói";2020;12;"2020-12";83;0;0
30034384;"1ª PIP - Niterói";"Niterói/São Gonçalo";"Territorial";"Niterói";2021;1;"2021-01";1;0;0
30034664;"1ª PIP - VD Duque de Caxias";"Duque de Caxias/Nova Iguaçu";"Violência contra mulher";"Área Duque de Caxias";2020;3;"2020-03";9;2;1
30034664;"1ª PIP - VD Duque de Caxias";"Duque de Caxias/Nova Iguaçu";"Violência contra mulher";"Área Duque de Caxias";2020;4;"2020-04";25;16;2
30034664;"1ª PIP - VD Duque de Caxias";"Duque de Caxias/Nova Iguaçu";"Violência contra mulher";"Área Duque de Caxias";2020;5;"2020-05";147;88;14
30034664;"1ª PIP - VD Duque de Caxias";"Duque de Caxias/Nova Iguaçu";"Violência contra mulher";"Área Duque de Caxias";2020;6;"2020-06";188;81;26
30034664;"1ª PIP - VD Duque de Caxias";"Duque de Caxias/Nova Iguaçu";"Violência contra mulher";"Área Duque de Caxias";2020;7;"2020-07";476;158;105
30034664;"1ª PIP - VD Duque de Caxias";"Duque de Caxias/Nova Iguaçu";"Violência contra mulher";"Área Duque de Caxias";2020;8;"2020-08";519;80;62
30034664;"1ª PIP - VD Duque de Caxias";"Duque de Caxias/Nova Iguaçu";"Violência contra mulher";"Área Duque de Caxias";2020;9;"2020-09";250;72;60
30034664;"1ª PIP - VD Duque de Caxias";"Duque de Caxias/Nova Iguaçu";"Violência contra mulher";"Área Duque de Caxias";2020;10;"2020-10";178;51;28
30034664;"1ª PIP - VD Duque de Caxias";"Duque de Caxias/Nova Iguaçu";"Violência contra mulher";"Área Duque de Caxias";2020;11;"2020-11";330;28;10
30034664;"1ª PIP - VD Duque de Caxias";"Duque de Caxias/Nova Iguaçu";"Violência contra mulher";"Área Duque de Caxias";2020;12;"2020-12";182;3;1
30034664;"1ª PIP - VD Duque de Caxias";"Duque de Caxias/Nova Iguaçu";"Violência contra mulher";"Área Duque de Caxias";2021;1;"2021-01";3;0;0
30034671;"PIP - VD São Gonçalo";"Niterói/São Gonçalo";"Violência contra mulher";"Área São Gonçalo";2020;3;"2020-03";108;30;17
30034671;"PIP - VD São Gonçalo";"Niterói/São Gonçalo";"Violência contra mulher";"Área São Gonçalo";2020;4;"2020-04";136;31;27
30034671;"PIP - VD São Gonçalo";"Niterói/São Gonçalo";"Violência contra mulher";"Área São Gonçalo";2020;5;"2020-05";161;34;39
30034671;"PIP - VD São Gonçalo";"Niterói/São Gonçalo";"Violência contra mulher";"Área São Gonçalo";2020;6;"2020-06";175;20;22
30034671;"PIP - VD São Gonçalo";"Niterói/São Gonçalo";"Violência contra mulher";"Área São Gonçalo";2020;7;"2020-07";274;47;39
30034671;"PIP - VD São Gonçalo";"Niterói/São Gonçalo";"Violência contra mulher";"Área São Gonçalo";2020;8;"2020-08";304;84;67
30034671;"PIP - VD São Gonçalo";"Niterói/São Gonçalo";"Violência contra mulher";"Área São Gonçalo";2020;9;"2020-09";36;13;5
30034671;"PIP - VD São Gonçalo";"Niterói/São Gonçalo";"Violência contra mulher";"Área São Gonçalo";2020;10;"2020-10";108;44;21
30034671;"PIP - VD São Gonçalo";"Niterói/São Gonçalo";"Violência contra mulher";"Área São Gonçalo";2020;11;"2020-11";89;48;12
30034671;"PIP - VD São Gonçalo";"Niterói/São Gonçalo";"Violência contra mulher";"Área São Gonçalo";2020;12;"2020-12";67;24;4
30034671;"PIP - VD São Gonçalo";"Niterói/São Gonçalo";"Violência contra mulher";"Área São Gonçalo";2021;1;"2021-01";5;0;0
30061094;"2ª PIP - Niterói";"Niterói/São Gonçalo";"Territorial";"Niterói";2020;3;"2020-03";88;20;10
30061094;"2ª PIP - Niterói";"Niterói/São Gonçalo";"Territorial";"Niterói";2020;4;"2020-04";33;9;4
30061094;"2ª PIP - Niterói";"Niterói/São Gonçalo";"Territorial";"Niterói";2020;5;"2020-05";30;17;3
30061094;"2ª PIP - Niterói";"Niterói/São Gonçalo";"Territorial";"Niterói";2020;6;"2020-06";76;16;8
30061094;"2ª PIP - Niterói";"Niterói/São Gonçalo";"Territorial";"Niterói";2020;7;"2020-07";98;25;11
30061094;"2ª PIP - Niterói";"Niterói/São Gonçalo";"Territorial";"Niterói";2020;8;"2020-08";70;14;11
30061094;"2ª PIP - Niterói";"Niterói/São Gonçalo";"Territorial";"Niterói";2020;9;"2020-09";99;9;6
30061094;"2ª PIP - Niterói";"Niterói/São Gonçalo";"Territorial";"Niterói";2020;10;"2020-10";90;16;5
30061094;"2ª PIP - Niterói";"Niterói/São Gonçalo";"Territorial";"Niterói";2020;11;"2020-11";53;3;4
30061094;"2ª PIP - Niterói";"Niterói/São Gonçalo";"Territorial";"Niterói";2020;12;"2020-12";83;0;1
30061329;"PIP - VD Niterói";"Niterói/São Gonçalo";"Violência contra mulher";"Área Niterói";2020;3;"2020-03";174;51;22
30061329;"PIP - VD Niterói";"Niterói/São Gonçalo";"Violência contra mulher";"Área Niterói";2020;4;"2020-04";31;9;2
30061329;"PIP - VD Niterói";"Niterói/São Gonçalo";"Violência contra mulher";"Área Niterói";2020;5;"2020-05";10;2;1
30061329;"PIP - VD Niterói";"Niterói/São Gonçalo";"Violência contra mulher";"Área Niterói";2020;6;"2020-06";23;5;0
30061329;"PIP - VD Niterói";"Niterói/São Gonçalo";"Violência contra mulher";"Área Niterói";2020;7;"2020-07";94;35;28
30061329;"PIP - VD Niterói";"Niterói/São Gonçalo";"Violência contra mulher";"Área Niterói";2020;8;"2020-08";82;19;12
30061329;"PIP - VD Niterói";"Niterói/São Gonçalo";"Violência contra mulher";"Área Niterói";2020;9;"2020-09";126;25;17
30061329;"PIP - VD Niterói";"Niterói/São Gonçalo";"Violência contra mulher";"Área Niterói";2020;10;"2020-10";64;19;8
30061329;"PIP - VD Niterói";"Niterói/São Gonçalo";"Violência contra mulher";"Área Niterói";2020;11;"2020-11";92;1;0
30061329;"PIP - VD Niterói";"Niterói/São Gonçalo";"Violência contra mulher";"Área Niterói";2020;12;"2020-12";227;1;1
30061624;"1ª PIP - São Gonçalo";"Niterói/São Gonçalo";"Territorial";"São Gonçalo";2020;3;"2020-03";51;5;6
30061624;"1ª PIP - São Gonçalo";"Niterói/São Gonçalo";"Territorial";"São Gonçalo";2020;4;"2020-04";15;1;3
30061624;"1ª PIP - São Gonçalo";"Niterói/São Gonçalo";"Territorial";"São Gonçalo";2020;5;"2020-05";30;3;1
30061624;"1ª PIP - São Gonçalo";"Niterói/São Gonçalo";"Territorial";"São Gonçalo";2020;6;"2020-06";43;3;4
30061624;"1ª PIP - São Gonçalo";"Niterói/São Gonçalo";"Territorial";"São Gonçalo";2020;7;"2020-07";53;16;5
30061624;"1ª PIP - São Gonçalo";"Niterói/São Gonçalo";"Territorial";"São Gonçalo";2020;8;"2020-08";38;15;1
30061624;"1ª PIP - São Gonçalo";"Niterói/São Gonçalo";"Territorial";"São Gonçalo";2020;9;"2020-09";31;6;2
30061624;"1ª PIP - São Gonçalo";"Niterói/São Gonçalo";"Territorial";"São Gonçalo";2020;10;"2020-10";55;7;5
30061624;"1ª PIP - São Gonçalo";"Niterói/São Gonçalo";"Territorial";"São Gonçalo";2020;11;"2020-11";63;6;6
30061624;"1ª PIP - São Gonçalo";"Niterói/São Gonçalo";"Territorial";"São Gonçalo";2020;12;"2020-12";30;0;3
30061624;"1ª PIP - São Gonçalo";"Niterói/São Gonçalo";"Territorial";"São Gonçalo";2021;1;"2021-01";1;0;0
30061694;"2ª PIP - São Gonçalo";"Niterói/São Gonçalo";"Territorial";"São Gonçalo";2020;3;"2020-03";56;12;10
30061694;"2ª PIP - São Gonçalo";"Niterói/São Gonçalo";"Territorial";"São Gonçalo";2020;4;"2020-04";7;2;2
30061694;"2ª PIP - São Gonçalo";"Niterói/São Gonçalo";"Territorial";"São Gonçalo";2020;5;"2020-05";30;3;1
30061694;"2ª PIP - São Gonçalo";"Niterói/São Gonçalo";"Territorial";"São Gonçalo";2020;6;"2020-06";43;7;7
30061694;"2ª PIP - São Gonçalo";"Niterói/São Gonçalo";"Territorial";"São Gonçalo";2020;7;"2020-07";53;17;4
30061694;"2ª PIP - São Gonçalo";"Niterói/São Gonçalo";"Territorial";"São Gonçalo";2020;8;"2020-08";30;9;2
30061694;"2ª PIP - São Gonçalo";"Niterói/São Gonçalo";"Territorial";"São Gonçalo";2020;9;"2020-09";36;11;5
30061694;"2ª PIP - São Gonçalo";"Niterói/São Gonçalo";"Territorial";"São Gonçalo";2020;10;"2020-10";48;9;4
30061694;"2ª PIP - São Gonçalo";"Niterói/São Gonçalo";"Territorial";"São Gonçalo";2020;11;"2020-11";58;1;6
30061694;"2ª PIP - São Gonçalo";"Niterói/São Gonçalo";"Territorial";"São Gonçalo";2020;12;"2020-12";34;0;0
30061694;"2ª PIP - São Gonçalo";"Niterói/São Gonçalo";"Territorial";"São Gonçalo";2021;1;"2021-01";4;0;0
30061723;"3ª PIP - São Gonçalo";"Niterói/São Gonçalo";"Territorial";"São Gonçalo";2020;3;"2020-03";60;2;11
30061723;"3ª PIP - São Gonçalo";"Niterói/São Gonçalo";"Territorial";"São Gonçalo";2020;4;"2020-04";5;0;2
30061723;"3ª PIP - São Gonçalo";"Niterói/São Gonçalo";"Territorial";"São Gonçalo";2020;5;"2020-05";33;4;2
30061723;"3ª PIP - São Gonçalo";"Niterói/São Gonçalo";"Territorial";"São Gonçalo";2020;6;"2020-06";41;5;2
30061723;"3ª PIP - São Gonçalo";"Niterói/São Gonçalo";"Territorial";"São Gonçalo";2020;7;"2020-07";51;8;3
30061723;"3ª PIP - São Gonçalo";"Niterói/São Gonçalo";"Territorial";"São Gonçalo";2020;8;"2020-08";49;7;6
30061723;"3ª PIP - São Gonçalo";"Niterói/São Gonçalo";"Territorial";"São Gonçalo";2020;9;"2020-09";34;6;4
30061723;"3ª PIP - São Gonçalo";"Niterói/São Gonçalo";"Territorial";"São Gonçalo";2020;10;"2020-10";55;3;10
30061723;"3ª PIP - São Gonçalo";"Niterói/São Gonçalo";"Territorial";"São Gonçalo";2020;11;"2020-11";65;4;5
30061723;"3ª PIP - São Gonçalo";"Niterói/São Gonçalo";"Territorial";"São Gonçalo";2020;12;"2020-12";47;0;0
30061803;"2ª PIP - Especializada Niterói/São Gonçalo";"Niterói/São Gonçalo";"Especializada";"Niterói/São Gonçalo";2020;3;"2020-03";33;3;2
30061803;"2ª PIP - Especializada Niterói/São Gonçalo";"Niterói/São Gonçalo";"Especializada";"Niterói/São Gonçalo";2020;4;"2020-04";14;2;1
30061803;"2ª PIP - Especializada Niterói/São Gonçalo";"Niterói/São Gonçalo";"Especializada";"Niterói/São Gonçalo";2020;5;"2020-05";13;1;3
30061803;"2ª PIP - Especializada Niterói/São Gonçalo";"Niterói/São Gonçalo";"Especializada";"Niterói/São Gonçalo";2020;6;"2020-06";18;1;2
30061803;"2ª PIP - Especializada Niterói/São Gonçalo";"Niterói/São Gonçalo";"Especializada";"Niterói/São Gonçalo";2020;7;"2020-07";24;5;5
30061803;"2ª PIP - Especializada Niterói/São Gonçalo";"Niterói/São Gonçalo";"Especializada";"Niterói/São Gonçalo";2020;8;"2020-08";49;3;3
30061803;"2ª PIP - Especializada Niterói/São Gonçalo";"Niterói/São Gonçalo";"Especializada";"Niterói/São Gonçalo";2020;9;"2020-09";24;0;3
30061803;"2ª PIP - Especializada Niterói/São Gonçalo";"Niterói/São Gonçalo";"Especializada";"Niterói/São Gonçalo";2020;10;"2020-10";30;3;0
30061803;"2ª PIP - Especializada Niterói/São Gonçalo";"Niterói/São Gonçalo";"Especializada";"Niterói/São Gonçalo";2020;11;"2020-11";31;0;0
30061803;"2ª PIP - Especializada Niterói/São Gonçalo";"Niterói/São Gonçalo";"Especializada";"Niterói/São Gonçalo";2020;12;"2020-12";18;0;0
30061803;"2ª PIP - Especializada Niterói/São Gonçalo";"Niterói/São Gonçalo";"Especializada";"Niterói/São Gonçalo";2021;1;"2021-01";1;0;0
30069167;"1ª PIP - Duque de Caxias";"Duque de Caxias/Nova Iguaçu";"Territorial";"Duque de Caxias";2020;3;"2020-03";57;5;19
30069167;"1ª PIP - Duque de Caxias";"Duque de Caxias/Nova Iguaçu";"Territorial";"Duque de Caxias";2020;4;"2020-04";1;0;0
30069167;"1ª PIP - Duque de Caxias";"Duque de Caxias/Nova Iguaçu";"Territorial";"Duque de Caxias";2020;5;"2020-05";42;10;9
30069167;"1ª PIP - Duque de Caxias";"Duque de Caxias/Nova Iguaçu";"Territorial";"Duque de Caxias";2020;6;"2020-06";44;3;11
30069167;"1ª PIP - Duque de Caxias";"Duque de Caxias/Nova Iguaçu";"Territorial";"Duque de Caxias";2020;7;"2020-07";51;11;11
30069167;"1ª PIP - Duque de Caxias";"Duque de Caxias/Nova Iguaçu";"Territorial";"Duque de Caxias";2020;8;"2020-08";135;38;29
30069167;"1ª PIP - Duque de Caxias";"Duque de Caxias/Nova Iguaçu";"Territorial";"Duque de Caxias";2020;9;"2020-09";94;16;23
30069167;"1ª PIP - Duque de Caxias";"Duque de Caxias/Nova Iguaçu";"Territorial";"Duque de Caxias";2020;10;"2020-10";75;13;13
30069167;"1ª PIP - Duque de Caxias";"Duque de Caxias/Nova Iguaçu";"Territorial";"Duque de Caxias";2020;11;"2020-11";93;5;5
30069167;"1ª PIP - Duque de Caxias";"Duque de Caxias/Nova Iguaçu";"Territorial";"Duque de Caxias";2020;12;"2020-12";65;12;8
30069167;"1ª PIP - Duque de Caxias";"Duque de Caxias/Nova Iguaçu";"Territorial";"Duque de Caxias";2021;1;"2021-01";3;0;0
30069433;"2ª PIP - Duque de Caxias";"Duque de Caxias/Nova Iguaçu";"Territorial";"Duque de Caxias";2020;3;"2020-03";57;0;4
30069433;"2ª PIP - Duque de Caxias";"Duque de Caxias/Nova Iguaçu";"Territorial";"Duque de Caxias";2020;4;"2020-04";2;0;0
30069433;"2ª PIP - Duque de Caxias";"Duque de Caxias/Nova Iguaçu";"Territorial";"Duque de Caxias";2020;5;"2020-05";42;10;3
30069433;"2ª PIP - Duque de Caxias";"Duque de Caxias/Nova Iguaçu";"Territorial";"Duque de Caxias";2020;6;"2020-06";39;4;3
30069433;"2ª PIP - Duque de Caxias";"Duque de Caxias/Nova Iguaçu";"Territorial";"Duque de Caxias";2020;7;"2020-07";53;20;6
30069433;"2ª PIP - Duque de Caxias";"Duque de Caxias/Nova Iguaçu";"Territorial";"Duque de Caxias";2020;8;"2020-08";145;38;16
30069433;"2ª PIP - Duque de Caxias";"Duque de Caxias/Nova Iguaçu";"Territorial";"Duque de Caxias";2020;9;"2020-09";105;22;16
30069433;"2ª PIP - Duque de Caxias";"Duque de Caxias/Nova Iguaçu";"Territorial";"Duque de Caxias";2020;10;"2020-10";72;12;2
30069433;"2ª PIP - Duque de Caxias";"Duque de Caxias/Nova Iguaçu";"Territorial";"Duque de Caxias";2020;11;"2020-11";98;15;4
30069433;"2ª PIP - Duque de Caxias";"Duque de Caxias/Nova Iguaçu";"Territorial";"Duque de Caxias";2020;12;"2020-12";64;6;2
30069453;"3ª PIP - Duque de Caxias";"Duque de Caxias/Nova Iguaçu";"Territorial";"Duque de Caxias";2020;3;"2020-03";58;0;4
30069453;"3ª PIP - Duque de Caxias";"Duque de Caxias/Nova Iguaçu";"Territorial";"Duque de Caxias";2020;4;"2020-04";1;0;0
30069453;"3ª PIP - Duque de Caxias";"Duque de Caxias/Nova Iguaçu";"Territorial";"Duque de Caxias";2020;5;"2020-05";30;8;4
30069453;"3ª PIP - Duque de Caxias";"Duque de Caxias/Nova Iguaçu";"Territorial";"Duque de Caxias";2020;6;"2020-06";43;6;5
30069453;"3ª PIP - Duque de Caxias";"Duque de Caxias/Nova Iguaçu";"Territorial";"Duque de Caxias";2020;7;"2020-07";54;19;1
30069453;"3ª PIP - Duque de Caxias";"Duque de Caxias/Nova Iguaçu";"Territorial";"Duque de Caxias";2020;8;"2020-08";159;16;6
30069453;"3ª PIP - Duque de Caxias";"Duque de Caxias/Nova Iguaçu";"Territorial";"Duque de Caxias";2020;9;"2020-09";97;7;7
30069453;"3ª PIP - Duque de Caxias";"Duque de Caxias/Nova Iguaçu";"Territorial";"Duque de Caxias";2020;10;"2020-10";69;7;6
30069453;"3ª PIP - Duque de Caxias";"Duque de Caxias/Nova Iguaçu";"Territorial";"Duque de Caxias";2020;11;"2020-11";91;8;1
30069453;"3ª PIP - Duque de Caxias";"Duque de Caxias/Nova Iguaçu";"Territorial";"Duque de Caxias";2020;12;"2020-12";68;0;2
30069453;"3ª PIP - Duque de Caxias";"Duque de Caxias/Nova Iguaçu";"Territorial";"Duque de Caxias";2021;1;"2021-01";1;0;0
30069490;"4ª PIP - Duque de Caxias";"Duque de Caxias/Nova Iguaçu";"Territorial";"Duque de Caxias";2020;3;"2020-03";60;3;3
30069490;"4ª PIP - Duque de Caxias";"Duque de Caxias/Nova Iguaçu";"Territorial";"Duque de Caxias";2020;4;"2020-04";2;1;0
30069490;"4ª PIP - Duque de Caxias";"Duque de Caxias/Nova Iguaçu";"Territorial";"Duque de Caxias";2020;5;"2020-05";33;11;4
30069490;"4ª PIP - Duque de Caxias";"Duque de Caxias/Nova Iguaçu";"Territorial";"Duque de Caxias";2020;6;"2020-06";46;4;11
30069490;"4ª PIP - Duque de Caxias";"Duque de Caxias/Nova Iguaçu";"Territorial";"Duque de Caxias";2020;7;"2020-07";51;17;3
30069490;"4ª PIP - Duque de Caxias";"Duque de Caxias/Nova Iguaçu";"Territorial";"Duque de Caxias";2020;8;"2020-08";149;20;19
30069490;"4ª PIP - Duque de Caxias";"Duque de Caxias/Nova Iguaçu";"Territorial";"Duque de Caxias";2020;9;"2020-09";112;1;6
30069490;"4ª PIP - Duque de Caxias";"Duque de Caxias/Nova Iguaçu";"Territorial";"Duque de Caxias";2020;10;"2020-10";74;0;1
30069490;"4ª PIP - Duque de Caxias";"Duque de Caxias/Nova Iguaçu";"Territorial";"Duque de Caxias";2020;11;"2020-11";98;0;0
30069490;"4ª PIP - Duque de Caxias";"Duque de Caxias/Nova Iguaçu";"Territorial";"Duque de Caxias";2020;12;"2020-12";60;0;0
30069490;"4ª PIP - Duque de Caxias";"Duque de Caxias/Nova Iguaçu";"Territorial";"Duque de Caxias";2021;1;"2021-01";1;0;0
30069516;"5ª PIP - Duque de Caxias";"Duque de Caxias/Nova Iguaçu";"Territorial";"Duque de Caxias";2020;3;"2020-03";61;0;3
30069516;"5ª PIP - Duque de Caxias";"Duque de Caxias/Nova Iguaçu";"Territorial";"Duque de Caxias";2020;4;"2020-04";1;0;0
30069516;"5ª PIP - Duque de Caxias";"Duque de Caxias/Nova Iguaçu";"Territorial";"Duque de Caxias";2020;5;"2020-05";27;0;0
30069516;"5ª PIP - Duque de Caxias";"Duque de Caxias/Nova Iguaçu";"Territorial";"Duque de Caxias";2020;6;"2020-06";37;0;0
30069516;"5ª PIP - Duque de Caxias";"Duque de Caxias/Nova Iguaçu";"Territorial";"Duque de Caxias";2020;7;"2020-07";42;6;1
30069516;"5ª PIP - Duque de Caxias";"Duque de Caxias/Nova Iguaçu";"Territorial";"Duque de Caxias";2020;8;"2020-08";169;24;7
30069516;"5ª PIP - Duque de Caxias";"Duque de Caxias/Nova Iguaçu";"Territorial";"Duque de Caxias";2020;9;"2020-09";102;2;7
30069516;"5ª PIP - Duque de Caxias";"Duque de Caxias/Nova Iguaçu";"Territorial";"Duque de Caxias";2020;10;"2020-10";77;0;0
30069516;"5ª PIP - Duque de Caxias";"Duque de Caxias/Nova Iguaçu";"Territorial";"Duque de Caxias";2020;11;"2020-11";113;1;0
30069516;"5ª PIP - Duque de Caxias";"Duque de Caxias/Nova Iguaçu";"Territorial";"Duque de Caxias";2020;12;"2020-12";65;0;0
30069516;"5ª PIP - Duque de Caxias";"Duque de Caxias/Nova Iguaçu";"Territorial";"Duque de Caxias";2021;1;"2021-01";1;0;0
30069601;"2ª PIP - VD Duque de Caxias";"Duque de Caxias/Nova Iguaçu";"Violência contra mulher";"Área Duque de Caxias";2020;3;"2020-03";8;2;0
30069601;"2ª PIP - VD Duque de Caxias";"Duque de Caxias/Nova Iguaçu";"Violência contra mulher";"Área Duque de Caxias";2020;4;"2020-04";38;12;9
30069601;"2ª PIP - VD Duque de Caxias";"Duque de Caxias/Nova Iguaçu";"Violência contra mulher";"Área Duque de Caxias";2020;5;"2020-05";145;47;24
30069601;"2ª PIP - VD Duque de Caxias";"Duque de Caxias/Nova Iguaçu";"Violência contra mulher";"Área Duque de Caxias";2020;6;"2020-06";232;55;33
30069601;"2ª PIP - VD Duque de Caxias";"Duque de Caxias/Nova Iguaçu";"Violência contra mulher";"Área Duque de Caxias";2020;7;"2020-07";565;208;153
30069601;"2ª PIP - VD Duque de Caxias";"Duque de Caxias/Nova Iguaçu";"Violência contra mulher";"Área Duque de Caxias";2020;8;"2020-08";461;69;43
30069601;"2ª PIP - VD Duque de Caxias";"Duque de Caxias/Nova Iguaçu";"Violência contra mulher";"Área Duque de Caxias";2020;9;"2020-09";246;55;33
30069601;"2ª PIP - VD Duque de Caxias";"Duque de Caxias/Nova Iguaçu";"Violência contra mulher";"Área Duque de Caxias";2020;10;"2020-10";198;36;18
30069601;"2ª PIP - VD Duque de Caxias";"Duque de Caxias/Nova Iguaçu";"Violência contra mulher";"Área Duque de Caxias";2020;11;"2020-11";335;34;15
30069601;"2ª PIP - VD Duque de Caxias";"Duque de Caxias/Nova Iguaçu";"Violência contra mulher";"Área Duque de Caxias";2020;12;"2020-12";182;2;7
30069601;"2ª PIP - VD Duque de Caxias";"Duque de Caxias/Nova Iguaçu";"Violência contra mulher";"Área Duque de Caxias";2021;1;"2021-01";4;0;0
30069669;"1ª PIP - Nova Iguaçu";"Duque de Caxias/Nova Iguaçu";"Territorial";"Nova Iguaçu";2020;3;"2020-03";10;3;1
30069669;"1ª PIP - Nova Iguaçu";"Duque de Caxias/Nova Iguaçu";"Territorial";"Nova Iguaçu";2020;4;"2020-04";3;1;0
30069669;"1ª PIP - Nova Iguaçu";"Duque de Caxias/Nova Iguaçu";"Territorial";"Nova Iguaçu";2020;5;"2020-05";13;2;2
30069669;"1ª PIP - Nova Iguaçu";"Duque de Caxias/Nova Iguaçu";"Territorial";"Nova Iguaçu";2020;6;"2020-06";36;1;1
30069669;"1ª PIP - Nova Iguaçu";"Duque de Caxias/Nova Iguaçu";"Territorial";"Nova Iguaçu";2020;7;"2020-07";62;12;2
30069669;"1ª PIP - Nova Iguaçu";"Duque de Caxias/Nova Iguaçu";"Territorial";"Nova Iguaçu";2020;8;"2020-08";127;12;9
30069669;"1ª PIP - Nova Iguaçu";"Duque de Caxias/Nova Iguaçu";"Territorial";"Nova Iguaçu";2020;9;"2020-09";60;11;1
30069669;"1ª PIP - Nova Iguaçu";"Duque de Caxias/Nova Iguaçu";"Territorial";"Nova Iguaçu";2020;10;"2020-10";56;12;10
30069669;"1ª PIP - Nova Iguaçu";"Duque de Caxias/Nova Iguaçu";"Territorial";"Nova Iguaçu";2020;11;"2020-11";54;7;5
30069669;"1ª PIP - Nova Iguaçu";"Duque de Caxias/Nova Iguaçu";"Territorial";"Nova Iguaçu";2020;12;"2020-12";56;6;2
30069669;"1ª PIP - Nova Iguaçu";"Duque de Caxias/Nova Iguaçu";"Territorial";"Nova Iguaçu";2021;1;"2021-01";3;0;0
30069693;"2ª PIP - Nova Iguaçu";"Duque de Caxias/Nova Iguaçu";"Territorial";"Nova Iguaçu";2020;3;"2020-03";15;3;9
30069693;"2ª PIP - Nova Iguaçu";"Duque de Caxias/Nova Iguaçu";"Territorial";"Nova Iguaçu";2020;4;"2020-04";2;1;0
30069693;"2ª PIP - Nova Iguaçu";"Duque de Caxias/Nova Iguaçu";"Territorial";"Nova Iguaçu";2020;5;"2020-05";21;9;3
30069693;"2ª PIP - Nova Iguaçu";"Duque de Caxias/Nova Iguaçu";"Territorial";"Nova Iguaçu";2020;6;"2020-06";44;3;5
30069693;"2ª PIP - Nova Iguaçu";"Duque de Caxias/Nova Iguaçu";"Territorial";"Nova Iguaçu";2020;7;"2020-07";75;12;28
30069693;"2ª PIP - Nova Iguaçu";"Duque de Caxias/Nova Iguaçu";"Territorial";"Nova Iguaçu";2020;8;"2020-08";129;8;57
30069693;"2ª PIP - Nova Iguaçu";"Duque de Caxias/Nova Iguaçu";"Territorial";"Nova Iguaçu";2020;9;"2020-09";52;12;17
30069693;"2ª PIP - Nova Iguaçu";"Duque de Caxias/Nova Iguaçu";"Territorial";"Nova Iguaçu";2020;10;"2020-10";61;12;32
30069693;"2ª PIP - Nova Iguaçu";"Duque de Caxias/Nova Iguaçu";"Territorial";"Nova Iguaçu";2020;11;"2020-11";47;7;18
30069693;"2ª PIP - Nova Iguaçu";"Duque de Caxias/Nova Iguaçu";"Territorial";"Nova Iguaçu";2020;12;"2020-12";56;9;11
30069693;"2ª PIP - Nova Iguaçu";"Duque de Caxias/Nova Iguaçu";"Territorial";"Nova Iguaçu";2021;1;"2021-01";3;0;0
30069732;"3ª PIP - Nova Iguaçu";"Duque de Caxias/Nova Iguaçu";"Territorial";"Nova Iguaçu";2020;3;"2020-03";17;9;3
30069732;"3ª PIP - Nova Iguaçu";"Duque de Caxias/Nova Iguaçu";"Territorial";"Nova Iguaçu";2020;4;"2020-04";11;10;1
30069732;"3ª PIP - Nova Iguaçu";"Duque de Caxias/Nova Iguaçu";"Territorial";"Nova Iguaçu";2020;5;"2020-05";14;5;1
30069732;"3ª PIP - Nova Iguaçu";"Duque de Caxias/Nova Iguaçu";"Territorial";"Nova Iguaçu";2020;6;"2020-06";39;1;1
30069732;"3ª PIP - Nova Iguaçu";"Duque de Caxias/Nova Iguaçu";"Territorial";"Nova Iguaçu";2020;7;"2020-07";73;16;8
30069732;"3ª PIP - Nova Iguaçu";"Duque de Caxias/Nova Iguaçu";"Territorial";"Nova Iguaçu";2020;8;"2020-08";136;7;18
30069732;"3ª PIP - Nova Iguaçu";"Duque de Caxias/Nova Iguaçu";"Territorial";"Nova Iguaçu";2020;9;"2020-09";55;2;12
30069732;"3ª PIP - Nova Iguaçu";"Duque de Caxias/Nova Iguaçu";"Territorial";"Nova Iguaçu";2020;10;"2020-10";64;8;19
30069732;"3ª PIP - Nova Iguaçu";"Duque de Caxias/Nova Iguaçu";"Territorial";"Nova Iguaçu";2020;11;"2020-11";40;9;8
30069732;"3ª PIP - Nova Iguaçu";"Duque de Caxias/Nova Iguaçu";"Territorial";"Nova Iguaçu";2020;12;"2020-12";52;5;3
30070041;"4ª PIP - Nova Iguaçu";"Duque de Caxias/Nova Iguaçu";"Territorial";"Nova Iguaçu";2020;3;"2020-03";15;9;5
30070041;"4ª PIP - Nova Iguaçu";"Duque de Caxias/Nova Iguaçu";"Territorial";"Nova Iguaçu";2020;4;"2020-04";2;0;0
30070041;"4ª PIP - Nova Iguaçu";"Duque de Caxias/Nova Iguaçu";"Territorial";"Nova Iguaçu";2020;5;"2020-05";16;5;2
30070041;"4ª PIP - Nova Iguaçu";"Duque de Caxias/Nova Iguaçu";"Territorial";"Nova Iguaçu";2020;6;"2020-06";78;5;0
30070041;"4ª PIP - Nova Iguaçu";"Duque de Caxias/Nova Iguaçu";"Territorial";"Nova Iguaçu";2020;7;"2020-07";96;8;48
30070041;"4ª PIP - Nova Iguaçu";"Duque de Caxias/Nova Iguaçu";"Territorial";"Nova Iguaçu";2020;8;"2020-08";139;12;42
30070041;"4ª PIP - Nova Iguaçu";"Duque de Caxias/Nova Iguaçu";"Territorial";"Nova Iguaçu";2020;9;"2020-09";61;3;15
30070041;"4ª PIP - Nova Iguaçu";"Duque de Caxias/Nova Iguaçu";"Territorial";"Nova Iguaçu";2020;10;"2020-10";65;7;22
30070041;"4ª PIP - Nova Iguaçu";"Duque de Caxias/Nova Iguaçu";"Territorial";"Nova Iguaçu";2020;11;"2020-11";54;9;18
30070041;"4ª PIP - Nova Iguaçu";"Duque de Caxias/Nova Iguaçu";"Territorial";"Nova Iguaçu";2020;12;"2020-12";50;2;6
30070041;"4ª PIP - Nova Iguaçu";"Duque de Caxias/Nova Iguaçu";"Territorial";"Nova Iguaçu";2021;1;"2021-01";1;0;0
30070783;"1ª PIP - Especializada Duque de Caxias/Nova Iguaçu";"Duque de Caxias/Nova Iguaçu";"Especializada";"D. Caxias/N. Iguaçu";2020;3;"2020-03";4;1;0
30070783;"1ª PIP - Especializada Duque de Caxias/Nova Iguaçu";"Duque de Caxias/Nova Iguaçu";"Especializada";"D. Caxias/N. Iguaçu";2020;5;"2020-05";18;2;0
30070783;"1ª PIP - Especializada Duque de Caxias/Nova Iguaçu";"Duque de Caxias/Nova Iguaçu";"Especializada";"D. Caxias/N. Iguaçu";2020;6;"2020-06";97;6;6
30070783;"1ª PIP - Especializada Duque de Caxias/Nova Iguaçu";"Duque de Caxias/Nova Iguaçu";"Especializada";"D. Caxias/N. Iguaçu";2020;7;"2020-07";32;5;4
30070783;"1ª PIP - Especializada Duque de Caxias/Nova Iguaçu";"Duque de Caxias/Nova Iguaçu";"Especializada";"D. Caxias/N. Iguaçu";2020;8;"2020-08";193;4;2
30070783;"1ª PIP - Especializada Duque de Caxias/Nova Iguaçu";"Duque de Caxias/Nova Iguaçu";"Especializada";"D. Caxias/N. Iguaçu";2020;9;"2020-09";27;3;4
30070783;"1ª PIP - Especializada Duque de Caxias/Nova Iguaçu";"Duque de Caxias/Nova Iguaçu";"Especializada";"D. Caxias/N. Iguaçu";2020;10;"2020-10";20;1;1
30070783;"1ª PIP - Especializada Duque de Caxias/Nova Iguaçu";"Duque de Caxias/Nova Iguaçu";"Especializada";"D. Caxias/N. Iguaçu";2020;11;"2020-11";96;1;0
30070783;"1ª PIP - Especializada Duque de Caxias/Nova Iguaçu";"Duque de Caxias/Nova Iguaçu";"Especializada";"D. Caxias/N. Iguaçu";2020;12;"2020-12";26;2;1
30070806;"2ª PIP - Especializada Duque de Caxias/Nova Iguaçu";"Duque de Caxias/Nova Iguaçu";"Especializada";"D. Caxias/N. Iguaçu";2020;3;"2020-03";4;0;0
30070806;"2ª PIP - Especializada Duque de Caxias/Nova Iguaçu";"Duque de Caxias/Nova Iguaçu";"Especializada";"D. Caxias/N. Iguaçu";2020;5;"2020-05";16;0;2
30070806;"2ª PIP - Especializada Duque de Caxias/Nova Iguaçu";"Duque de Caxias/Nova Iguaçu";"Especializada";"D. Caxias/N. Iguaçu";2020;6;"2020-06";90;4;0
30070806;"2ª PIP - Especializada Duque de Caxias/Nova Iguaçu";"Duque de Caxias/Nova Iguaçu";"Especializada";"D. Caxias/N. Iguaçu";2020;7;"2020-07";46;11;4
30070806;"2ª PIP - Especializada Duque de Caxias/Nova Iguaçu";"Duque de Caxias/Nova Iguaçu";"Especializada";"D. Caxias/N. Iguaçu";2020;8;"2020-08";223;11;3
30070806;"2ª PIP - Especializada Duque de Caxias/Nova Iguaçu";"Duque de Caxias/Nova Iguaçu";"Especializada";"D. Caxias/N. Iguaçu";2020;9;"2020-09";21;4;4
30070806;"2ª PIP - Especializada Duque de Caxias/Nova Iguaçu";"Duque de Caxias/Nova Iguaçu";"Especializada";"D. Caxias/N. Iguaçu";2020;10;"2020-10";26;5;1
30070806;"2ª PIP - Especializada Duque de Caxias/Nova Iguaçu";"Duque de Caxias/Nova Iguaçu";"Especializada";"D. Caxias/N. Iguaçu";2020;11;"2020-11";94;7;2
30070806;"2ª PIP - Especializada Duque de Caxias/Nova Iguaçu";"Duque de Caxias/Nova Iguaçu";"Especializada";"D. Caxias/N. Iguaçu";2020;12;"2020-12";14;1;2
30070806;"2ª PIP - Especializada Duque de Caxias/Nova Iguaçu";"Duque de Caxias/Nova Iguaçu";"Especializada";"D. Caxias/N. Iguaçu";2021;1;"2021-01";3;0;0
