Art,TÍTULO,CAPÍTULO,DESCRIÇÃO,TIPO DE PENA,REGIME INICIAL EM REGRA,MIN-ANOS,MAX-ANOS,MIN-DIAS,MAX-DIAS,DIF ABSOLUTA,DIF RELATIVA,MULTA,HEDIONDO,JECRIM/TRANSAÇÃO,SURSIS,OTHER
277,DOS CRIMES CONTRA A ADMINISTRAÇÃO PÚBLICA,DOS CRIMES PRATICADOS POR PARTICULAR CONTRA A ADMINISTRAÇÃO EM GERAL,Resistência,detenção,ABERTO,0.1643835616,2,60,730,670,12.16666667,0,,1,1,
286,DOS CRIMES CONTRA A ADMINISTRAÇÃO PÚBLICA,DOS CRIMES PRATICADOS POR PARTICULAR CONTRA A ADMINISTRAÇÃO EM GERAL,Inutilização de edital ou de sinal,detenção ou multa,ABERTO,0.08219178082,1,30,365,335,12.16666667,0,,1,1,
279,DOS CRIMES CONTRA A ADMINISTRAÇÃO PÚBLICA,DOS CRIMES PRATICADOS POR PARTICULAR CONTRA A ADMINISTRAÇÃO EM GERAL,Desobediência,detenção,ABERTO,0.04109589041,0.4931506849,15,180,165,12,1,,1,1,
254,DOS CRIMES CONTRA A ADMINISTRAÇÃO PÚBLICA,DOS CRIMES PRATICADOS POR FUNCIONÁRIO PÚBLICO CONTRA A ADMINISTRAÇÃO EM GERAL,Modificação ou alteração não autorizada de sistema de informações,detenção,ABERTO,0.2465753425,2,90,730,640,8.111111111,1,,1,1,
275,DOS CRIMES CONTRA A ADMINISTRAÇÃO PÚBLICA,DOS CRIMES PRATICADOS POR PARTICULAR CONTRA A ADMINISTRAÇÃO EM GERAL,Usurpação de função pública,detenção,ABERTO,0.2465753425,2,90,730,640,8.111111111,1,,1,1,
300,DOS CRIMES CONTRA A ADMINISTRAÇÃO PÚBLICA,DOS CRIMES CONTRA A ADMINISTRAÇÃO DA JUSTIÇA,Fraude processual,detenção,ABERTO,0.2465753425,2,90,730,640,8.111111111,1,,1,1,
294,DOS CRIMES CONTRA A ADMINISTRAÇÃO PÚBLICA,DOS CRIMES CONTRA A ADMINISTRAÇÃO DA JUSTIÇA,Auto-acusação falsa,detenção ou multa,ABERTO,0.2465753425,2,90,730,640,8.111111111,0,,1,1,
313,DOS CRIMES CONTRA A ADMINISTRAÇÃO PÚBLICA,DOS CRIMES CONTRA A ADMINISTRAÇÃO DA JUSTIÇA,Desobediência a decisão judicial sobre perda ou suspensão de direito,detenção ou multa,ABERTO,0.2465753425,2,90,730,640,8.111111111,0,,1,1,
289,DOS CRIMES CONTRA A ADMINISTRAÇÃO PÚBLICA,DOS CRIMES PRATICADOS POR PARTICULAR CONTRA A ADMINISTRAÇÃO PÚBLICA ESTRANGEIRA,Corrupção ativa em transação comercial internacional,reclusão,ABERTO ou SEMI-ABERTO,1,8,365,2920,2555,8,1,,,1,
267,DOS CRIMES CONTRA A ADMINISTRAÇÃO PÚBLICA,DOS CRIMES PRATICADOS POR FUNCIONÁRIO PÚBLICO CONTRA A ADMINISTRAÇÃO EM GERAL,Violência arbitrária,detenção,ABERTO,0.4931506849,3,180,1095,915,6.083333333,0,,,1,além da pena correspondente à violência
308,DOS CRIMES CONTRA A ADMINISTRAÇÃO PÚBLICA,DOS CRIMES CONTRA A ADMINISTRAÇÃO DA JUSTIÇA,Patrocínio infiel,detenção,ABERTO,0.4931506849,3,180,1095,915,6.083333333,1,,,1,
309,DOS CRIMES CONTRA A ADMINISTRAÇÃO PÚBLICA,DOS CRIMES CONTRA A ADMINISTRAÇÃO DA JUSTIÇA,Patrocínio simultâneo ou tergiversação,detenção,ABERTO,0.4931506849,3,180,1095,915,6.083333333,1,,,1,
310,DOS CRIMES CONTRA A ADMINISTRAÇÃO PÚBLICA,DOS CRIMES CONTRA A ADMINISTRAÇÃO DA JUSTIÇA,Sonegação de papel ou objeto de valor probatório,detenção,ABERTO,0.4931506849,3,180,1095,915,6.083333333,1,,,1,
312,DOS CRIMES CONTRA A ADMINISTRAÇÃO PÚBLICA,DOS CRIMES CONTRA A ADMINISTRAÇÃO DA JUSTIÇA,Violência ou fraude em arrematação judicial,detenção ou multa,ABERTO,0.1643835616,1,60,365,305,6.083333333,0,,1,1,além da pena correspondente à violência
250,DOS CRIMES CONTRA A ADMINISTRAÇÃO PÚBLICA,DOS CRIMES PRATICADOS POR FUNCIONÁRIO PÚBLICO CONTRA A ADMINISTRAÇÃO EM GERAL,Peculato,reclusão,"ABERTO, SEMI-ABERTO ou FECHADO",2,12,730,4380,3650,6,1,,,,
253,DOS CRIMES CONTRA A ADMINISTRAÇÃO PÚBLICA,DOS CRIMES PRATICADOS POR FUNCIONÁRIO PÚBLICO CONTRA A ADMINISTRAÇÃO EM GERAL,Inserção de dados falsos em sistema de informações,reclusão,"ABERTO, SEMI-ABERTO ou FECHADO",2,12,730,4380,3650,6,1,,,,
257,DOS CRIMES CONTRA A ADMINISTRAÇÃO PÚBLICA,DOS CRIMES PRATICADOS POR FUNCIONÁRIO PÚBLICO CONTRA A ADMINISTRAÇÃO EM GERAL,Concussão,reclusão,"ABERTO, SEMI-ABERTO ou FECHADO",2,12,730,4380,3650,6,1,,,,
259,DOS CRIMES CONTRA A ADMINISTRAÇÃO PÚBLICA,DOS CRIMES PRATICADOS POR FUNCIONÁRIO PÚBLICO CONTRA A ADMINISTRAÇÃO EM GERAL,Excesso de exação (desvio),reclusão,"ABERTO, SEMI-ABERTO ou FECHADO",2,12,730,4380,3650,6,1,,,,
260,DOS CRIMES CONTRA A ADMINISTRAÇÃO PÚBLICA,DOS CRIMES PRATICADOS POR FUNCIONÁRIO PÚBLICO CONTRA A ADMINISTRAÇÃO EM GERAL,Corrupção passiva,reclusão,"ABERTO, SEMI-ABERTO ou FECHADO",2,12,730,4380,3650,6,1,,,,
282,DOS CRIMES CONTRA A ADMINISTRAÇÃO PÚBLICA,DOS CRIMES PRATICADOS POR PARTICULAR CONTRA A ADMINISTRAÇÃO EM GERAL,Corrupção ativa,reclusão,"ABERTO, SEMI-ABERTO ou FECHADO",2,12,730,4380,3650,6,1,,,,
301,DOS CRIMES CONTRA A ADMINISTRAÇÃO PÚBLICA,DOS CRIMES CONTRA A ADMINISTRAÇÃO DA JUSTIÇA,Favorecimento pessoal,detenção,ABERTO,0.08219178082,0.4931506849,30,180,150,6,1,,1,1,
303,DOS CRIMES CONTRA A ADMINISTRAÇÃO PÚBLICA,DOS CRIMES CONTRA A ADMINISTRAÇÃO DA JUSTIÇA,Favorecimento real,detenção,ABERTO,0.08219178082,0.4931506849,30,180,150,6,1,,1,1,
293,DOS CRIMES CONTRA A ADMINISTRAÇÃO PÚBLICA,DOS CRIMES CONTRA A ADMINISTRAÇÃO DA JUSTIÇA,Comunicação falsa de crime ou de contravenção,detenção ou multa,ABERTO,0.08219178082,0.4931506849,30,180,150,6,0,,1,1,
302,DOS CRIMES CONTRA A ADMINISTRAÇÃO PÚBLICA,DOS CRIMES CONTRA A ADMINISTRAÇÃO DA JUSTIÇA,Favorecimento pessoal em crime em que não é cominada pena de reclusão,detenção,ABERTO,0.04109589041,0.2465753425,15,90,75,6,1,,1,1,
311,DOS CRIMES CONTRA A ADMINISTRAÇÃO PÚBLICA,DOS CRIMES CONTRA A ADMINISTRAÇÃO DA JUSTIÇA,Exploração de prestígio,reclusão,ABERTO ou SEMI-ABERTO,1,5,365,1825,1460,5,1,,,1,
299,DOS CRIMES CONTRA A ADMINISTRAÇÃO PÚBLICA,DOS CRIMES CONTRA A ADMINISTRAÇÃO DA JUSTIÇA,Exercício arbitrário das próprias razões (danificar),detenção,ABERTO,0.4931506849,2,180,730,550,4.055555556,1,,1,1,
304,DOS CRIMES CONTRA A ADMINISTRAÇÃO PÚBLICA,DOS CRIMES CONTRA A ADMINISTRAÇÃO DA JUSTIÇA,Fuga de pessoa presa ou submetida a medida de segurança,detenção,ABERTO,0.4931506849,2,180,730,550,4.055555556,0,,1,1,
307,DOS CRIMES CONTRA A ADMINISTRAÇÃO PÚBLICA,DOS CRIMES CONTRA A ADMINISTRAÇÃO DA JUSTIÇA,Motim de presos,detenção,ABERTO,0.4931506849,2,180,730,550,4.055555556,0,,1,1,além da pena correspondente à violência
315,DOS CRIMES CONTRA A ADMINISTRAÇÃO PÚBLICA,DOS CRIMES CONTRA AS FINANÇAS PÚBLICAS,Inscrição de despesas não empenhadas em restos a pagar,detenção,ABERTO,0.4931506849,2,180,730,550,4.055555556,0,,1,1,
319,DOS CRIMES CONTRA A ADMINISTRAÇÃO PÚBLICA,DOS CRIMES CONTRA AS FINANÇAS PÚBLICAS,Não cancelamento de restos a pagar,detenção,ABERTO,0.4931506849,2,180,730,550,4.055555556,0,,1,1,
272,DOS CRIMES CONTRA A ADMINISTRAÇÃO PÚBLICA,DOS CRIMES PRATICADOS POR FUNCIONÁRIO PÚBLICO CONTRA A ADMINISTRAÇÃO EM GERAL,DOS CRIMES PRATICADOS POR FUNCIONÁRIO PÚBLICO CONTRA A ADMINISTRAÇÃO EM GERAL,detenção ou multa,ABERTO,0.4931506849,2,180,730,550,4.055555556,0,,1,1,se o fato não constitui crime mais grave
280,DOS CRIMES CONTRA A ADMINISTRAÇÃO PÚBLICA,DOS CRIMES PRATICADOS POR PARTICULAR CONTRA A ADMINISTRAÇÃO EM GERAL,Desacato,detenção ou multa,ABERTO,0.4931506849,2,180,730,550,4.055555556,0,,1,1,
285,DOS CRIMES CONTRA A ADMINISTRAÇÃO PÚBLICA,DOS CRIMES PRATICADOS POR PARTICULAR CONTRA A ADMINISTRAÇÃO EM GERAL,"Impedimento, perturbação ou fraude de concorrência",detenção ou multa,ABERTO,0.4931506849,2,180,730,550,4.055555556,0,,1,1,além da pena correspondente à violência
251,DOS CRIMES CONTRA A ADMINISTRAÇÃO PÚBLICA,DOS CRIMES PRATICADOS POR FUNCIONÁRIO PÚBLICO CONTRA A ADMINISTRAÇÃO EM GERAL,Peculato (culposo),detenção,ABERTO,0.2465753425,1,90,365,275,4.055555556,0,,1,1,
263,DOS CRIMES CONTRA A ADMINISTRAÇÃO PÚBLICA,DOS CRIMES PRATICADOS POR FUNCIONÁRIO PÚBLICO CONTRA A ADMINISTRAÇÃO EM GERAL,Prevaricação,detenção,ABERTO,0.2465753425,1,90,365,275,4.055555556,1,,1,1,
266,DOS CRIMES CONTRA A ADMINISTRAÇÃO PÚBLICA,DOS CRIMES PRATICADOS POR FUNCIONÁRIO PÚBLICO CONTRA A ADMINISTRAÇÃO EM GERAL,Advocacia administrativa com interesse ilegítimo,detenção,ABERTO,0.2465753425,1,90,365,275,4.055555556,1,,1,1,
269,DOS CRIMES CONTRA A ADMINISTRAÇÃO PÚBLICA,DOS CRIMES PRATICADOS POR FUNCIONÁRIO PÚBLICO CONTRA A ADMINISTRAÇÃO EM GERAL,Abandono de função com resultado prejuízo público,detenção,ABERTO,0.2465753425,1,90,365,275,4.055555556,1,,1,1,
274,DOS CRIMES CONTRA A ADMINISTRAÇÃO PÚBLICA,DOS CRIMES PRATICADOS POR FUNCIONÁRIO PÚBLICO CONTRA A ADMINISTRAÇÃO EM GERAL,Violação do sigilo de proposta de concorrência,detenção,ABERTO,0.2465753425,1,90,365,275,4.055555556,1,,1,1,
305,DOS CRIMES CONTRA A ADMINISTRAÇÃO PÚBLICA,DOS CRIMES CONTRA A ADMINISTRAÇÃO DA JUSTIÇA,Evasão mediante violência contra a pessoa,detenção,ABERTO,0.2465753425,1,90,365,275,4.055555556,0,,1,1,além da pena correspondente à violência
318,DOS CRIMES CONTRA A ADMINISTRAÇÃO PÚBLICA,DOS CRIMES CONTRA AS FINANÇAS PÚBLICAS,Prestação de garantia graciosa,detenção,ABERTO,0.2465753425,1,90,365,275,4.055555556,0,,1,1,
261,DOS CRIMES CONTRA A ADMINISTRAÇÃO PÚBLICA,DOS CRIMES PRATICADOS POR FUNCIONÁRIO PÚBLICO CONTRA A ADMINISTRAÇÃO EM GERAL,"Se o funcionário pratica, deixa de praticar ou retarda ato de ofício, com infração de dever funcional, cedendo a pedido ou influência de outrem",detenção ou multa,ABERTO,0.2465753425,1,90,365,275,4.055555556,0,,1,1,
292,DOS CRIMES CONTRA A ADMINISTRAÇÃO PÚBLICA,DOS CRIMES CONTRA A ADMINISTRAÇÃO DA JUSTIÇA,Denunciação caluniosa,reclusão,ABERTO ou SEMI-ABERTO,2,8,730,2920,2190,4,1,,,,
252,DOS CRIMES CONTRA A ADMINISTRAÇÃO PÚBLICA,DOS CRIMES PRATICADOS POR FUNCIONÁRIO PÚBLICO CONTRA A ADMINISTRAÇÃO EM GERAL,Peculato mediante erro de outrem,reclusão,ABERTO,1,4,365,1460,1095,4,1,,,1,
255,DOS CRIMES CONTRA A ADMINISTRAÇÃO PÚBLICA,DOS CRIMES PRATICADOS POR FUNCIONÁRIO PÚBLICO CONTRA A ADMINISTRAÇÃO EM GERAL,"Extravio, sonegação ou inutilização de livro ou documento",reclusão,ABERTO,1,4,365,1460,1095,4,0,,,1,se o fato não constitui crime mais grave
283,DOS CRIMES CONTRA A ADMINISTRAÇÃO PÚBLICA,DOS CRIMES PRATICADOS POR PARTICULAR CONTRA A ADMINISTRAÇÃO EM GERAL,Descaminho,reclusão,ABERTO,1,4,365,1460,1095,4,0,,,1,
291,DOS CRIMES CONTRA A ADMINISTRAÇÃO PÚBLICA,DOS CRIMES CONTRA A ADMINISTRAÇÃO DA JUSTIÇA,Reingresso de estrangeiro expulso,reclusão,ABERTO,1,4,365,1460,1095,4,0,,,1,sem prejuízo de nova expulsão após o cumprimento da pena
297,DOS CRIMES CONTRA A ADMINISTRAÇÃO PÚBLICA,DOS CRIMES CONTRA A ADMINISTRAÇÃO DA JUSTIÇA,Coação no curso do processo,reclusão,ABERTO,1,4,365,1460,1095,4,1,,,1,além da pena correspondente à violência
306,DOS CRIMES CONTRA A ADMINISTRAÇÃO PÚBLICA,DOS CRIMES CONTRA A ADMINISTRAÇÃO DA JUSTIÇA,Arrebatamento de preso,reclusão,ABERTO,1,4,365,1460,1095,4,0,,,1,além da pena correspondente à violência
316,DOS CRIMES CONTRA A ADMINISTRAÇÃO PÚBLICA,DOS CRIMES CONTRA AS FINANÇAS PÚBLICAS,Assunção de obrigação no último ano do mandato ou legislatura,reclusão,ABERTO,1,4,365,1460,1095,4,0,,,1,
317,DOS CRIMES CONTRA A ADMINISTRAÇÃO PÚBLICA,DOS CRIMES CONTRA AS FINANÇAS PÚBLICAS,Ordenação de despesa não autorizada,reclusão,ABERTO,1,4,365,1460,1095,4,0,,,1,
320,DOS CRIMES CONTRA A ADMINISTRAÇÃO PÚBLICA,DOS CRIMES CONTRA AS FINANÇAS PÚBLICAS,Aumento de despesa total com pessoal no último ano do mandato ou legislatura,reclusão,ABERTO,1,4,365,1460,1095,4,0,,,1,
321,DOS CRIMES CONTRA A ADMINISTRAÇÃO PÚBLICA,DOS CRIMES CONTRA AS FINANÇAS PÚBLICAS,Oferta pública ou colocação de títulos no mercado,reclusão,ABERTO,1,4,365,1460,1095,4,0,,,1,
273,DOS CRIMES CONTRA A ADMINISTRAÇÃO PÚBLICA,DOS CRIMES PRATICADOS POR FUNCIONÁRIO PÚBLICO CONTRA A ADMINISTRAÇÃO EM GERAL,Violação de sigilo funcional com resultado danos à administração pública ou outrem,reclusão,ABERTO ou SEMI-ABERTO,2,6,730,2190,1460,3,1,,,,
270,DOS CRIMES CONTRA A ADMINISTRAÇÃO PÚBLICA,DOS CRIMES PRATICADOS POR FUNCIONÁRIO PÚBLICO CONTRA A ADMINISTRAÇÃO EM GERAL,Abandono de função em local compreendido na faixa de fronteira,detenção,ABERTO,1,3,365,1095,730,3,1,,,1,
278,DOS CRIMES CONTRA A ADMINISTRAÇÃO PÚBLICA,DOS CRIMES PRATICADOS POR PARTICULAR CONTRA A ADMINISTRAÇÃO EM GERAL,Resistência com resultado não execução do ato legal,reclusão,ABERTO,1,3,365,1095,730,3,0,,,1,
256,DOS CRIMES CONTRA A ADMINISTRAÇÃO PÚBLICA,DOS CRIMES PRATICADOS POR FUNCIONÁRIO PÚBLICO CONTRA A ADMINISTRAÇÃO EM GERAL,Emprego irregular de verbas ou rendas públicas,detenção ou multa,ABERTO,0.08219178082,0.2465753425,30,90,60,3,0,,1,1,
265,DOS CRIMES CONTRA A ADMINISTRAÇÃO PÚBLICA,DOS CRIMES PRATICADOS POR FUNCIONÁRIO PÚBLICO CONTRA A ADMINISTRAÇÃO EM GERAL,Advocacia administrativa,detenção ou multa,ABERTO,0.08219178082,0.2465753425,30,90,60,3,0,,1,1,
258,DOS CRIMES CONTRA A ADMINISTRAÇÃO PÚBLICA,DOS CRIMES PRATICADOS POR FUNCIONÁRIO PÚBLICO CONTRA A ADMINISTRAÇÃO EM GERAL,Excesso de exação,reclusão,ABERTO ou SEMI-ABERTO,3,8,1095,2920,1825,2.666666667,1,,,,
262,DOS CRIMES CONTRA A ADMINISTRAÇÃO PÚBLICA,DOS CRIMES PRATICADOS POR FUNCIONÁRIO PÚBLICO CONTRA A ADMINISTRAÇÃO EM GERAL,Facilitação de contrabando ou descaminho,reclusão,ABERTO ou SEMI-ABERTO,3,8,1095,2920,1825,2.666666667,1,,,,
276,DOS CRIMES CONTRA A ADMINISTRAÇÃO PÚBLICA,DOS CRIMES PRATICADOS POR PARTICULAR CONTRA A ADMINISTRAÇÃO EM GERAL,Usurpação de função pública com resultado vantagem,reclusão,ABERTO ou SEMI-ABERTO,2,5,730,1825,1095,2.5,1,,,,
281,DOS CRIMES CONTRA A ADMINISTRAÇÃO PÚBLICA,DOS CRIMES PRATICADOS POR PARTICULAR CONTRA A ADMINISTRAÇÃO EM GERAL,Tráfico de Influência,reclusão,ABERTO ou SEMI-ABERTO,2,5,730,1825,1095,2.5,1,,,,
284,DOS CRIMES CONTRA A ADMINISTRAÇÃO PÚBLICA,DOS CRIMES PRATICADOS POR PARTICULAR CONTRA A ADMINISTRAÇÃO EM GERAL,Contrabando,reclusão,ABERTO ou SEMI-ABERTO,2,5,730,1825,1095,2.5,0,,,,
287,DOS CRIMES CONTRA A ADMINISTRAÇÃO PÚBLICA,DOS CRIMES PRATICADOS POR PARTICULAR CONTRA A ADMINISTRAÇÃO EM GERAL,Subtração ou inutilização de livro ou documento,reclusão,ABERTO ou SEMI-ABERTO,2,5,730,1825,1095,2.5,0,,,,se o fato não constitui crime mais grave
288,DOS CRIMES CONTRA A ADMINISTRAÇÃO PÚBLICA,DOS CRIMES PRATICADOS POR PARTICULAR CONTRA A ADMINISTRAÇÃO EM GERAL,Sonegação de contribuição previdenciária,reclusão,ABERTO ou SEMI-ABERTO,2,5,730,1825,1095,2.5,1,,,,
290,DOS CRIMES CONTRA A ADMINISTRAÇÃO PÚBLICA,DOS CRIMES PRATICADOS POR PARTICULAR CONTRA A ADMINISTRAÇÃO PÚBLICA ESTRANGEIRA,Tráfico de influência em transação comercial internacional,reclusão,ABERTO ou SEMI-ABERTO,2,5,730,1825,1095,2.5,1,,,,
295,DOS CRIMES CONTRA A ADMINISTRAÇÃO PÚBLICA,DOS CRIMES CONTRA A ADMINISTRAÇÃO DA JUSTIÇA,Falso testemunho ou falsa perícia,reclusão,ABERTO,2,4,730,1460,730,2,1,,,,
314,DOS CRIMES CONTRA A ADMINISTRAÇÃO PÚBLICA,DOS CRIMES CONTRA AS FINANÇAS PÚBLICAS,Contratação de operação de crédito,reclusão,ABERTO,1,2,365,730,365,2,0,,1,1,
264,DOS CRIMES CONTRA A ADMINISTRAÇÃO PÚBLICA,DOS CRIMES PRATICADOS POR FUNCIONÁRIO PÚBLICO CONTRA A ADMINISTRAÇÃO EM GERAL,Condescendência criminosa,detenção ou multa,ABERTO,0.04109589041,0.08219178082,15,30,15,2,0,,1,1,
268,DOS CRIMES CONTRA A ADMINISTRAÇÃO PÚBLICA,DOS CRIMES PRATICADOS POR FUNCIONÁRIO PÚBLICO CONTRA A ADMINISTRAÇÃO EM GERAL,Abandono de função,detenção ou multa,ABERTO,0.04109589041,0.08219178082,15,30,15,2,0,,1,1,
271,DOS CRIMES CONTRA A ADMINISTRAÇÃO PÚBLICA,DOS CRIMES PRATICADOS POR FUNCIONÁRIO PÚBLICO CONTRA A ADMINISTRAÇÃO EM GERAL,Exercício funcional ilegalmente antecipado ou prolongado,detenção ou multa,ABERTO,0.04109589041,0.08219178082,15,30,15,2,0,,1,1,
298,DOS CRIMES CONTRA A ADMINISTRAÇÃO PÚBLICA,DOS CRIMES CONTRA A ADMINISTRAÇÃO DA JUSTIÇA,Exercício arbitrário das próprias razões,detenção ou multa,ABERTO,0.04109589041,0.08219178082,15,30,15,2,0,,1,1,além da pena correspondente à violência
296,DOS CRIMES CONTRA A ADMINISTRAÇÃO PÚBLICA,DOS CRIMES CONTRA A ADMINISTRAÇÃO DA JUSTIÇA,Oferecer vantagem à testemunha ou perito,reclusão,ABERTO,3,4,1095,1460,365,1.333333333,1,,,,
123,DOS CRIMES CONTRA A DIGNIDADE SEXUAL,DOS CRIMES CONTRA A LIBERDADE SEXUAL,Importunação sexual,reclusão,ABERTO ou SEMI-ABERTO,1,5,365,1825,1460,5,0,,,1,se o ato não constitui crime mais grave
132,DOS CRIMES CONTRA A DIGNIDADE SEXUAL,DOS CRIMES SEXUAIS CONTRA VULNERÁVEL,"Divulgação de cena de estupro ou de cena de estupro de vulnerável, de cena de sexo ou de pornografia",reclusão,ABERTO ou SEMI-ABERTO,1,5,365,1825,1460,5,0,,,1,se o fato não constitui crime mais grave
145,DOS CRIMES CONTRA A DIGNIDADE SEXUAL,DO ULTRAJE PÚBLICO AO PUDOR,Escrito ou objeto obsceno,detenção ou multa,ABERTO,0.4931506849,2,180,730,550,4.055555556,0,,1,1,
144,DOS CRIMES CONTRA A DIGNIDADE SEXUAL,DO ULTRAJE PÚBLICO AO PUDOR,Ato obsceno,detenção ou multa,ABERTO,0.2465753425,1,90,365,275,4.055555556,0,,1,1,
135,DOS CRIMES CONTRA A DIGNIDADE SEXUAL,DO LENOCÍNIO E DO TRÁFICO DE PESSOA PARA FIM DE PROSTITUIÇÃO OU OUTRA FORMA DE EXPLORAÇÃO SEXUAL,Mediação para servir a lascívia de outrem com emprego de violência,reclusão,ABERTO ou SEMI-ABERTO,2,8,730,2920,2190,4,0,,,,além da pena correspondente à violência
142,DOS CRIMES CONTRA A DIGNIDADE SEXUAL,DO LENOCÍNIO E DO TRÁFICO DE PESSOA PARA FIM DE PROSTITUIÇÃO OU OUTRA FORMA DE EXPLORAÇÃO SEXUAL,"Rufianismo mediante violência, ameaça ou fraude",reclusão,ABERTO ou SEMI-ABERTO,2,8,730,2920,2190,4,0,,,,sem prejuízo da pena correspondente à violência
140,DOS CRIMES CONTRA A DIGNIDADE SEXUAL,DO LENOCÍNIO E DO TRÁFICO DE PESSOA PARA FIM DE PROSTITUIÇÃO OU OUTRA FORMA DE EXPLORAÇÃO SEXUAL,Rufianismo,reclusão,ABERTO,1,4,365,1460,1095,4,1,,,1,
122,DOS CRIMES CONTRA A DIGNIDADE SEXUAL,DOS CRIMES CONTRA A LIBERDADE SEXUAL,Violação sexual mediante fraude,reclusão,ABERTO ou SEMI-ABERTO,2,6,730,2190,1460,3,0,,,,
133,DOS CRIMES CONTRA A DIGNIDADE SEXUAL,DO LENOCÍNIO E DO TRÁFICO DE PESSOA PARA FIM DE PROSTITUIÇÃO OU OUTRA FORMA DE EXPLORAÇÃO SEXUAL,Mediação para servir a lascívia de outrem,reclusão,ABERTO,1,3,365,1095,730,3,0,,,1,
137,DOS CRIMES CONTRA A DIGNIDADE SEXUAL,DO LENOCÍNIO E DO TRÁFICO DE PESSOA PARA FIM DE PROSTITUIÇÃO OU OUTRA FORMA DE EXPLORAÇÃO SEXUAL,Favorecimento da prostituição ou outra forma de exploração sexual perpetrado por agente com dever de cuidado,reclusão,ABERTO ou SEMI-ABERTO,3,8,1095,2920,1825,2.666666667,0,,,,
121,DOS CRIMES CONTRA A DIGNIDADE SEXUAL,DOS CRIMES CONTRA A LIBERDADE SEXUAL,Estupro com resultado morte,reclusão,FECHADO,12,30,4380,10950,6570,2.5,0,1,,,
128,DOS CRIMES CONTRA A DIGNIDADE SEXUAL,DOS CRIMES SEXUAIS CONTRA VULNERÁVEL,Estupro de vulnerável com resultado morte,reclusão,FECHADO,12,30,4380,10950,6570,2.5,0,1,,,
131,DOS CRIMES CONTRA A DIGNIDADE SEXUAL,DOS CRIMES SEXUAIS CONTRA VULNERÁVEL,Favorecimento da prostituição ou de outra forma de exploração sexual de criança ou adolescente ou de vulnerável.,reclusão,"ABERTO, SEMI-ABERTO ou FECHADO",4,10,1460,3650,2190,2.5,0,1,,,
138,DOS CRIMES CONTRA A DIGNIDADE SEXUAL,DO LENOCÍNIO E DO TRÁFICO DE PESSOA PARA FIM DE PROSTITUIÇÃO OU OUTRA FORMA DE EXPLORAÇÃO SEXUAL,"Favorecimento da prostituição ou outra forma de exploração sexual com emprego de violência, ameaça ou fraude",reclusão,"ABERTO, SEMI-ABERTO ou FECHADO",4,10,1460,3650,2190,2.5,0,,,,além da pena correspondente à violência
129,DOS CRIMES CONTRA A DIGNIDADE SEXUAL,DOS CRIMES SEXUAIS CONTRA VULNERÁVEL,Corrupção de menores,reclusão,ABERTO ou SEMI-ABERTO,2,5,730,1825,1095,2.5,0,,,,
134,DOS CRIMES CONTRA A DIGNIDADE SEXUAL,DO LENOCÍNIO E DO TRÁFICO DE PESSOA PARA FIM DE PROSTITUIÇÃO OU OUTRA FORMA DE EXPLORAÇÃO SEXUAL,Mediação para servir a lascívia de outrem com vítima menor de 18 e maior de 14 anos,reclusão,ABERTO ou SEMI-ABERTO,2,5,730,1825,1095,2.5,0,,,,
136,DOS CRIMES CONTRA A DIGNIDADE SEXUAL,DO LENOCÍNIO E DO TRÁFICO DE PESSOA PARA FIM DE PROSTITUIÇÃO OU OUTRA FORMA DE EXPLORAÇÃO SEXUAL,Favorecimento da prostituição ou outra forma de exploração sexual,reclusão,ABERTO ou SEMI-ABERTO,2,5,730,1825,1095,2.5,1,,,,
139,DOS CRIMES CONTRA A DIGNIDADE SEXUAL,DO LENOCÍNIO E DO TRÁFICO DE PESSOA PARA FIM DE PROSTITUIÇÃO OU OUTRA FORMA DE EXPLORAÇÃO SEXUAL,Casa de prostituição,reclusão,ABERTO ou SEMI-ABERTO,2,5,730,1825,1095,2.5,1,,,,
143,DOS CRIMES CONTRA A DIGNIDADE SEXUAL,DO LENOCÍNIO E DO TRÁFICO DE PESSOA PARA FIM DE PROSTITUIÇÃO OU OUTRA FORMA DE EXPLORAÇÃO SEXUAL,Promoção de migração ilegal,reclusão,ABERTO ou SEMI-ABERTO,2,5,730,1825,1095,2.5,1,,,,
125,DOS CRIMES CONTRA A DIGNIDADE SEXUAL,DA EXPOSIÇÃO DA INTIMIDADE SEXUAL,Registro não autorizado da intimidade sexual,detenção,ABERTO,0.4931506849,1,180,365,185,2.027777778,1,,1,1,
127,DOS CRIMES CONTRA A DIGNIDADE SEXUAL,DOS CRIMES SEXUAIS CONTRA VULNERÁVEL,Estupro de vulnerável com resultado lesão corporal grave,reclusão,FECHADO,10,20,3650,7300,3650,2,0,1,,,
141,DOS CRIMES CONTRA A DIGNIDADE SEXUAL,DO LENOCÍNIO E DO TRÁFICO DE PESSOA PARA FIM DE PROSTITUIÇÃO OU OUTRA FORMA DE EXPLORAÇÃO SEXUAL,Rufianismo com vítima menor de 18 e maior de 14 anos ou perpetrado por agente com dever de cuidado,reclusão,ABERTO ou SEMI-ABERTO,3,6,1095,2190,1095,2,1,,,,
130,DOS CRIMES CONTRA A DIGNIDADE SEXUAL,DOS CRIMES SEXUAIS CONTRA VULNERÁVEL,Satisfação de lascívia mediante presença de criança ou adolescente,reclusão,ABERTO,2,4,730,1460,730,2,0,,,,
124,DOS CRIMES CONTRA A DIGNIDADE SEXUAL,DOS CRIMES CONTRA A LIBERDADE SEXUAL,Assédio sexual,detenção,ABERTO,1,2,365,730,365,2,0,,1,1,
126,DOS CRIMES CONTRA A DIGNIDADE SEXUAL,DOS CRIMES SEXUAIS CONTRA VULNERÁVEL,Estupro de vulnerável,reclusão,FECHADO ou SEMI-ABERTO (raro),8,15,2920,5475,2555,1.875,0,1,,,
119,DOS CRIMES CONTRA A DIGNIDADE SEXUAL,DOS CRIMES CONTRA A LIBERDADE SEXUAL,Estupro,reclusão,"ABERTO, SEMI-ABERTO ou FECHADO",6,10,2190,3650,1460,1.666666667,0,1,,,
120,DOS CRIMES CONTRA A DIGNIDADE SEXUAL,DOS CRIMES CONTRA A LIBERDADE SEXUAL,Estupro com resultado lesão corporal grave ou com vítima menor de 18 e maior de 14 anos,reclusão,FECHADO ou SEMI-ABERTO (raro),8,12,2920,4380,1460,1.5,0,1,,,
160,DOS CRIMES CONTRA A FAMÍLIA,"DOS CRIMES CONTRA O PÁTRIO PODER, TUTELA CURATELA",Subtração de incapazes,detenção,ABERTO,0.1643835616,2,60,730,670,12.16666667,0,,1,1,se o fato não constitui elemento de outro crime
159,DOS CRIMES CONTRA A FAMÍLIA,"DOS CRIMES CONTRA O PÁTRIO PODER, TUTELA CURATELA","Induzimento a fuga, entrega arbitrária ou sonegação de incapazes",detenção ou multa,ABERTO,0.08219178082,1,30,365,335,12.16666667,0,,1,1,
154,DOS CRIMES CONTRA A FAMÍLIA,DOS CRIMES CONTRA O ESTADO DE FILIAÇÃO,Sonegação de estado de filiação,reclusão,ABERTO ou SEMI-ABERTO,1,5,365,1825,1460,5,1,,,1,
147,DOS CRIMES CONTRA A FAMÍLIA,DOS CRIMES CONTRA O CASAMENTO,Induzimento a erro essencial e ocultação de impedimento,detenção,ABERTO,0.4931506849,2,180,730,550,4.055555556,0,,1,1,
148,DOS CRIMES CONTRA A FAMÍLIA,DOS CRIMES CONTRA O CASAMENTO,Conhecimento prévio de impedimento,detenção,ABERTO,0.2465753425,1,90,365,275,4.055555556,0,,1,1,
155,DOS CRIMES CONTRA A FAMÍLIA,DOS CRIMES CONTRA A ASSISTÊNCIA FAMILIAR,Abandono material,detenção,ABERTO,1,4,365,1460,1095,4,1,,,1,uma a dez vezes o maior salário mínimo vigente no País.
146,DOS CRIMES CONTRA A FAMÍLIA,DOS CRIMES CONTRA O CASAMENTO,Bigamia,reclusão,ABERTO ou SEMI-ABERTO,2,6,730,2190,1460,3,0,,,,
151,DOS CRIMES CONTRA A FAMÍLIA,DOS CRIMES CONTRA O ESTADO DE FILIAÇÃO,Registro de nascimento inexistente,reclusão,ABERTO ou SEMI-ABERTO,2,6,730,2190,1460,3,0,,,,
152,DOS CRIMES CONTRA A FAMÍLIA,DOS CRIMES CONTRA O ESTADO DE FILIAÇÃO,Parto suposto. Supressão ou alteração de direito inerente ao estado civil de recém-nascido,reclusão,ABERTO ou SEMI-ABERTO,2,6,730,2190,1460,3,0,,,,
149,DOS CRIMES CONTRA A FAMÍLIA,DOS CRIMES CONTRA O CASAMENTO,Simulação de autoridade para celebração de casamento,detenção,ABERTO,1,3,365,1095,730,3,0,,,1,se o fato não constitui crime mais grave
150,DOS CRIMES CONTRA A FAMÍLIA,DOS CRIMES CONTRA O CASAMENTO,Simulação de casamento,detenção,ABERTO,1,3,365,1095,730,3,0,,,1,se o fato não constitui elemento de crime mais grave
158,DOS CRIMES CONTRA A FAMÍLIA,DOS CRIMES CONTRA A ASSISTÊNCIA FAMILIAR,Abandono intelectual qualificado,detenção ou multa,ABERTO,0.08219178082,0.2465753425,30,90,60,3,0,,1,1,
153,DOS CRIMES CONTRA A FAMÍLIA,DOS CRIMES CONTRA O ESTADO DE FILIAÇÃO,Parto suposto praticado por motivo de reconhecida nobreza,detenção,ABERTO,1,2,365,730,365,2,0,,1,1,podendo o juiz deixar de aplicar
156,DOS CRIMES CONTRA A FAMÍLIA,DOS CRIMES CONTRA A ASSISTÊNCIA FAMILIAR,Entrega de filho menor a pessoa inidônea,detenção,ABERTO,1,2,365,730,365,2,0,,1,1,
157,DOS CRIMES CONTRA A FAMÍLIA,DOS CRIMES CONTRA A ASSISTÊNCIA FAMILIAR,Abandono intelectual,detenção ou multa,ABERTO,0.04109589041,0.08219178082,15,30,15,2,0,,1,1,
236,DOS CRIMES CONTRA A FÉ PÚBLICA,DA FALSIDADE DOCUMENTAL,Falsidade de atestado médico,detenção,ABERTO,0.08219178082,1,30,365,335,12.16666667,0,,1,1,
235,DOS CRIMES CONTRA A FÉ PÚBLICA,DA FALSIDADE DOCUMENTAL,Falsidade material de atestado ou certidão,detenção,ABERTO,0.2465753425,2,90,730,640,8.111111111,0,,1,1,
246,DOS CRIMES CONTRA A FÉ PÚBLICA,DE OUTRAS FALSIDADES,"Prestar-se a figurar como proprietário ou possuidor de título ou valor pertencente a estrangeiro, quando vedado por lei",detenção,ABERTO,0.4931506849,3,180,1095,915,6.083333333,1,,,1,
243,DOS CRIMES CONTRA A FÉ PÚBLICA,DE OUTRAS FALSIDADES,Falsa identidade com uso de documento,detenção,ABERTO,0.3287671233,2,120,730,610,6.083333333,1,,1,1,se o fato não constitui elemento de crime mais grave
234,DOS CRIMES CONTRA A FÉ PÚBLICA,DA FALSIDADE DOCUMENTAL,Certidão ou atestado ideologicamente falso,detenção,ABERTO,0.1643835616,1,60,365,305,6.083333333,0,,1,1,
222,DOS CRIMES CONTRA A FÉ PÚBLICA,DA MOEDA FALSA,Emissão de título ao portador sem permissão legal,detenção ou multa,ABERTO,0.08219178082,0.4931506849,30,180,150,6,0,,1,1,
228,DOS CRIMES CONTRA A FÉ PÚBLICA,DA FALSIDADE DOCUMENTAL,Falsificação de documento particular,reclusão,ABERTO ou SEMI-ABERTO,1,5,365,1825,1460,5,1,,,1,
229,DOS CRIMES CONTRA A FÉ PÚBLICA,DA FALSIDADE DOCUMENTAL,Falsificação de cartão,reclusão,ABERTO ou SEMI-ABERTO,1,5,365,1825,1460,5,1,,,1,
230,DOS CRIMES CONTRA A FÉ PÚBLICA,DA FALSIDADE DOCUMENTAL,Falsidade ideológica de documento público,reclusão,ABERTO ou SEMI-ABERTO,1,5,365,1825,1460,5,1,,,1,
232,DOS CRIMES CONTRA A FÉ PÚBLICA,DA FALSIDADE DOCUMENTAL,Falso reconhecimento de firma ou letra em documento público,reclusão,ABERTO ou SEMI-ABERTO,1,5,365,1825,1460,5,1,,,1,
238,DOS CRIMES CONTRA A FÉ PÚBLICA,DA FALSIDADE DOCUMENTAL,Supressão de documento particular,reclusão,ABERTO ou SEMI-ABERTO,1,5,365,1825,1460,5,1,,,1,
242,DOS CRIMES CONTRA A FÉ PÚBLICA,DE OUTRAS FALSIDADES,Falsa identidade,detenção ou multa,ABERTO,0.2465753425,1,90,365,275,4.055555556,0,,1,1,se o fato não constitui elemento de crime mais grave
219,DOS CRIMES CONTRA A FÉ PÚBLICA,DA MOEDA FALSA,Moeda Falsa,reclusão,"ABERTO, SEMI-ABERTO ou FECHADO",3,12,1095,4380,3285,4,1,,,,
220,DOS CRIMES CONTRA A FÉ PÚBLICA,DA MOEDA FALSA,Crimes assimilados ao de moeda falsa,reclusão,ABERTO ou SEMI-ABERTO,2,8,730,2920,2190,4,1,,,,
223,DOS CRIMES CONTRA A FÉ PÚBLICA,DA FALSIDADE DE TÍTULOS E OUTROS PAPÉIS PÚBLICOS,Falsificação de papéis públicos,reclusão,ABERTO ou SEMI-ABERTO,2,8,730,2920,2190,4,1,,,,
224,DOS CRIMES CONTRA A FÉ PÚBLICA,DA FALSIDADE DE TÍTULOS E OUTROS PAPÉIS PÚBLICOS,Supressão de indicador de inutilização de papéis públicos,reclusão,ABERTO,1,4,365,1460,1095,4,1,,,1,
245,DOS CRIMES CONTRA A FÉ PÚBLICA,DE OUTRAS FALSIDADES,Atribuir a estrangeiro falsa qualidade para promover-lhe a entrada em território nacional,reclusão,ABERTO,1,4,365,1460,1095,4,1,,,1,
248,DOS CRIMES CONTRA A FÉ PÚBLICA,DAS FRAUDES EM CERTAMES DE INTERESSE PÚBLICO,Fraudes em certames de interesse público,reclusão,ABERTO,1,4,365,1460,1095,4,1,,,1,
221,DOS CRIMES CONTRA A FÉ PÚBLICA,DA MOEDA FALSA,Petrechos para falsificação de moeda,reclusão,ABERTO ou SEMI-ABERTO,2,6,730,2190,1460,3,1,,,,
226,DOS CRIMES CONTRA A FÉ PÚBLICA,DA FALSIDADE DOCUMENTAL,Falsificação do selo ou sinal público,reclusão,ABERTO ou SEMI-ABERTO,2,6,730,2190,1460,3,1,,,,
227,DOS CRIMES CONTRA A FÉ PÚBLICA,DA FALSIDADE DOCUMENTAL,Falsificação de documento público,reclusão,ABERTO ou SEMI-ABERTO,2,6,730,2190,1460,3,1,,,,
239,DOS CRIMES CONTRA A FÉ PÚBLICA,DA FALSIDADE DOCUMENTAL,Supressão de documento público,reclusão,ABERTO ou SEMI-ABERTO,2,6,730,2190,1460,3,1,,,,
240,DOS CRIMES CONTRA A FÉ PÚBLICA,DE OUTRAS FALSIDADES,"Falsificação do sinal empregado no contraste de metal precioso ou na fiscalização alfandegária, ou para outros fins",reclusão,ABERTO ou SEMI-ABERTO,2,6,730,2190,1460,3,1,,,,
249,DOS CRIMES CONTRA A FÉ PÚBLICA,DAS FRAUDES EM CERTAMES DE INTERESSE PÚBLICO,Fraudes em certames de interesse público com resultado dano à administração pública,reclusão,ABERTO ou SEMI-ABERTO,2,6,730,2190,1460,3,1,,,,
237,DOS CRIMES CONTRA A FÉ PÚBLICA,DA FALSIDADE DOCUMENTAL,Reprodução ou adulteração de selo ou peça filatélica,detenção,ABERTO,1,3,365,1095,730,3,1,,,1,
244,DOS CRIMES CONTRA A FÉ PÚBLICA,DE OUTRAS FALSIDADES,Uso de nome falso por estrangeiro,detenção,ABERTO,1,3,365,1095,730,3,1,,,1,
225,DOS CRIMES CONTRA A FÉ PÚBLICA,DA FALSIDADE DE TÍTULOS E OUTROS PAPÉIS PÚBLICOS,Petrechos de falsificação,reclusão,ABERTO,1,3,365,1095,730,3,1,,,1,
231,DOS CRIMES CONTRA A FÉ PÚBLICA,DA FALSIDADE DOCUMENTAL,Falsidade ideológica de documento particular,reclusão,ABERTO,1,3,365,1095,730,3,1,,,1,quinhentos mil réis a cinco contos de réis.
233,DOS CRIMES CONTRA A FÉ PÚBLICA,DA FALSIDADE DOCUMENTAL,Falso reconhecimento de firma ou letra em documento particular,reclusão,ABERTO,1,3,365,1095,730,3,1,,,1,
241,DOS CRIMES CONTRA A FÉ PÚBLICA,DE OUTRAS FALSIDADES,Falsificação de sinal empregado por autoridade pública,reclusão ou detenção,ABERTO,1,3,365,1095,730,3,1,,,1,
247,DOS CRIMES CONTRA A FÉ PÚBLICA,DE OUTRAS FALSIDADES,Adulteração de sinal identificador de veículo automotor,reclusão,ABERTO ou SEMI-ABERTO,3,6,1095,2190,1095,2,1,,,,
194,DOS CRIMES CONTRA A INCOLUMIDADE PÚBLICA,DOS CRIMES CONTRA A SAÚDE PÚBLICA,Infração de medida sanitária preventiva,detenção,ABERTO,0.08219178082,1,30,365,335,12.16666667,1,,1,1,
199,DOS CRIMES CONTRA A INCOLUMIDADE PÚBLICA,DOS CRIMES CONTRA A SAÚDE PÚBLICA,Corrupção ou poluição de água potável (culposo),detenção,ABERTO,0.1643835616,1,60,365,305,6.083333333,0,,1,1,
209,DOS CRIMES CONTRA A INCOLUMIDADE PÚBLICA,DOS CRIMES CONTRA A SAÚDE PÚBLICA,Outras substâncias nocivas à saúde pública (culposo),detenção,ABERTO,0.1643835616,1,60,365,305,6.083333333,0,,1,1,
211,DOS CRIMES CONTRA A INCOLUMIDADE PÚBLICA,DOS CRIMES CONTRA A SAÚDE PÚBLICA,Medicamento em desacordo com receita médica (culposo),detenção,ABERTO,0.1643835616,1,60,365,305,6.083333333,0,,1,1,
187,DOS CRIMES CONTRA A INCOLUMIDADE PÚBLICA,DOS CRIMES CONTRA A SEGURANÇA DOS MEIOS DE COMUNICAÇÃO E TRANSPORTE E OUTROS SERVIÇOS PÚBLICOS,Arremesso de projétil,detenção,ABERTO,0.08219178082,0.4931506849,30,180,150,6,0,,1,1,
177,DOS CRIMES CONTRA A INCOLUMIDADE PÚBLICA,DOS CRIMES DE PERIGO COMUM,Difusão de doença ou praga (culposo),detenção ou multa,ABERTO,0.08219178082,0.4931506849,30,180,150,6,0,,1,1,
188,DOS CRIMES CONTRA A INCOLUMIDADE PÚBLICA,DOS CRIMES CONTRA A SEGURANÇA DOS MEIOS DE COMUNICAÇÃO E TRANSPORTE E OUTROS SERVIÇOS PÚBLICOS,Atentado contra a segurança de serviço de utilidade pública,reclusão,ABERTO ou SEMI-ABERTO,1,5,365,1825,1460,5,1,,,1,
204,DOS CRIMES CONTRA A INCOLUMIDADE PÚBLICA,DOS CRIMES CONTRA A SAÚDE PÚBLICA,Emprego de processo proibido ou de substância não permitida,reclusão,ABERTO ou SEMI-ABERTO,1,5,365,1825,1460,5,1,,,1,
205,DOS CRIMES CONTRA A INCOLUMIDADE PÚBLICA,DOS CRIMES CONTRA A SAÚDE PÚBLICA,Invólucro ou recipiente com falsa indicação,reclusão,ABERTO ou SEMI-ABERTO,1,5,365,1825,1460,5,1,,,1,
206,DOS CRIMES CONTRA A INCOLUMIDADE PÚBLICA,DOS CRIMES CONTRA A SAÚDE PÚBLICA,Produto ou substância nas condições dos dois artigos anteriores,reclusão,ABERTO ou SEMI-ABERTO,1,5,365,1825,1460,5,1,,,1,
207,DOS CRIMES CONTRA A INCOLUMIDADE PÚBLICA,DOS CRIMES CONTRA A SAÚDE PÚBLICA,Substância destinada à falsificação,reclusão,ABERTO ou SEMI-ABERTO,1,5,365,1825,1460,5,1,,,1,
162,DOS CRIMES CONTRA A INCOLUMIDADE PÚBLICA,DOS CRIMES DE PERIGO COMUM,Incêndio (culposo),detenção,ABERTO,0.4931506849,2,180,730,550,4.055555556,0,,1,1,
165,DOS CRIMES CONTRA A INCOLUMIDADE PÚBLICA,DOS CRIMES DE PERIGO COMUM,Explosão (culposo),detenção,ABERTO,0.4931506849,2,180,730,550,4.055555556,0,,1,1,
169,DOS CRIMES CONTRA A INCOLUMIDADE PÚBLICA,DOS CRIMES DE PERIGO COMUM,"Fabrico, fornecimento, aquisição posse ou transporte de explosivos ou gás tóxico, ou asfixiante",detenção,ABERTO,0.4931506849,2,180,730,550,4.055555556,1,,1,1,
171,DOS CRIMES CONTRA A INCOLUMIDADE PÚBLICA,DOS CRIMES DE PERIGO COMUM,Inundação (culposo),detenção,ABERTO,0.4931506849,2,180,730,550,4.055555556,0,,1,1,
180,DOS CRIMES CONTRA A INCOLUMIDADE PÚBLICA,DOS CRIMES CONTRA A SEGURANÇA DOS MEIOS DE COMUNICAÇÃO E TRANSPORTE E OUTROS SERVIÇOS PÚBLICOS,Desastre ferroviário (culposo),detenção,ABERTO,0.4931506849,2,180,730,550,4.055555556,0,,1,1,
184,DOS CRIMES CONTRA A INCOLUMIDADE PÚBLICA,DOS CRIMES CONTRA A SEGURANÇA DOS MEIOS DE COMUNICAÇÃO E TRANSPORTE E OUTROS SERVIÇOS PÚBLICOS,"Sinistro em transporte marítimo, fluvial ou aéreo (culposo)",detenção,ABERTO,0.4931506849,2,180,730,550,4.055555556,0,,1,1,
195,DOS CRIMES CONTRA A INCOLUMIDADE PÚBLICA,DOS CRIMES CONTRA A SAÚDE PÚBLICA,Omissão de notificação de doença,detenção,ABERTO,0.4931506849,2,180,730,550,4.055555556,1,,1,1,
197,DOS CRIMES CONTRA A INCOLUMIDADE PÚBLICA,DOS CRIMES CONTRA A SAÚDE PÚBLICA,Envenenamento de água potável ou de substância alimentícia ou medicinal (culposo),detenção,ABERTO,0.4931506849,2,180,730,550,4.055555556,0,,1,1,
212,DOS CRIMES CONTRA A INCOLUMIDADE PÚBLICA,DOS CRIMES CONTRA A SAÚDE PÚBLICA,"Exercício ilegal da medicina, arte dentária ou farmacêutica",detenção,ABERTO,0.4931506849,2,180,730,550,4.055555556,0,,1,1,
214,DOS CRIMES CONTRA A INCOLUMIDADE PÚBLICA,DOS CRIMES CONTRA A SAÚDE PÚBLICA,Curandeirismo,detenção,ABERTO,0.4931506849,2,180,730,550,4.055555556,0,,1,1,
166,DOS CRIMES CONTRA A INCOLUMIDADE PÚBLICA,DOS CRIMES DE PERIGO COMUM,Explosão (culposo) sem utilização de substância de efeitos análogos à TNT,detenção,ABERTO,0.2465753425,1,90,365,275,4.055555556,0,,1,1,
168,DOS CRIMES CONTRA A INCOLUMIDADE PÚBLICA,DOS CRIMES DE PERIGO COMUM,Uso de gás tóxico ou asfixiante (culposo),detenção,ABERTO,0.2465753425,1,90,365,275,4.055555556,0,,1,1,
186,DOS CRIMES CONTRA A INCOLUMIDADE PÚBLICA,DOS CRIMES CONTRA A SEGURANÇA DOS MEIOS DE COMUNICAÇÃO E TRANSPORTE E OUTROS SERVIÇOS PÚBLICOS,Atentado contra a segurança de outro meio de transporte (culposo),detenção,ABERTO,0.2465753425,1,90,365,275,4.055555556,0,,1,1,
213,DOS CRIMES CONTRA A INCOLUMIDADE PÚBLICA,DOS CRIMES CONTRA A SAÚDE PÚBLICA,Charlatanismo,detenção,ABERTO,0.2465753425,1,90,365,275,4.055555556,1,,1,1,
164,DOS CRIMES CONTRA A INCOLUMIDADE PÚBLICA,DOS CRIMES DE PERIGO COMUM,Exposão sem utilização de substância de efeitos análogos à TNT,reclusão,ABERTO,1,4,365,1460,1095,4,1,,,1,
167,DOS CRIMES CONTRA A INCOLUMIDADE PÚBLICA,DOS CRIMES DE PERIGO COMUM,Uso de gás tóxico ou asfixiante,reclusão,ABERTO,1,4,365,1460,1095,4,1,,,1,
173,DOS CRIMES CONTRA A INCOLUMIDADE PÚBLICA,DOS CRIMES DE PERIGO COMUM,Desabamento ou desmoronamento,reclusão,ABERTO,1,4,365,1460,1095,4,1,,,1,
179,DOS CRIMES CONTRA A INCOLUMIDADE PÚBLICA,DOS CRIMES CONTRA A SEGURANÇA DOS MEIOS DE COMUNICAÇÃO E TRANSPORTE E OUTROS SERVIÇOS PÚBLICOS,Desastre ferroviário,reclusão,"ABERTO, SEMI-ABERTO ou FECHADO",4,12,1460,4380,2920,3,1,,,,
182,DOS CRIMES CONTRA A INCOLUMIDADE PÚBLICA,DOS CRIMES CONTRA A SEGURANÇA DOS MEIOS DE COMUNICAÇÃO E TRANSPORTE E OUTROS SERVIÇOS PÚBLICOS,"Sinistro em transporte marítimo, fluvial ou aéreo",reclusão,"ABERTO, SEMI-ABERTO ou FECHADO",4,12,1460,4380,2920,3,0,,,,
183,DOS CRIMES CONTRA A INCOLUMIDADE PÚBLICA,DOS CRIMES CONTRA A SEGURANÇA DOS MEIOS DE COMUNICAÇÃO E TRANSPORTE E OUTROS SERVIÇOS PÚBLICOS,"Sinistro em transporte marítimo, fluvial ou aéreo (com o fim de lucro)",reclusão,"ABERTO, SEMI-ABERTO ou FECHADO",4,12,1460,4380,2920,3,1,,,,
189,DOS CRIMES CONTRA A INCOLUMIDADE PÚBLICA,DOS CRIMES CONTRA A SEGURANÇA DOS MEIOS DE COMUNICAÇÃO E TRANSPORTE E OUTROS SERVIÇOS PÚBLICOS,"Interrupção ou perturbação de serviço telegráfico, telefônico, informático, telemático ou de informação de utilidade pública",detenção,ABERTO,1,3,365,1095,730,3,1,,,1,
203,DOS CRIMES CONTRA A INCOLUMIDADE PÚBLICA,DOS CRIMES CONTRA A SAÚDE PÚBLICA,"Falsificação, corrupção, adulteração ou alteração de produto destinado a fins terapêuticos ou medicinais (culposo)",detenção,ABERTO,1,3,365,1095,730,3,1,,,1,
208,DOS CRIMES CONTRA A INCOLUMIDADE PÚBLICA,DOS CRIMES CONTRA A SAÚDE PÚBLICA,Outras substâncias nocivas à saúde pública,detenção,ABERTO,1,3,365,1095,730,3,1,,,1,
210,DOS CRIMES CONTRA A INCOLUMIDADE PÚBLICA,DOS CRIMES CONTRA A SAÚDE PÚBLICA,Medicamento em desacordo com receita médica,detenção ou multa,ABERTO,1,3,365,1095,730,3,0,,,1,
172,DOS CRIMES CONTRA A INCOLUMIDADE PÚBLICA,DOS CRIMES DE PERIGO COMUM,Perigo de inundação,reclusão,ABERTO,1,3,365,1095,730,3,1,,,1,
175,DOS CRIMES CONTRA A INCOLUMIDADE PÚBLICA,DOS CRIMES DE PERIGO COMUM,"Subtração, ocultação ou inutilização de material de salvamento",reclusão,ABERTO ou SEMI-ABERTO,2,5,730,1825,1095,2.5,1,,,,
176,DOS CRIMES CONTRA A INCOLUMIDADE PÚBLICA,DOS CRIMES DE PERIGO COMUM,Difusão de doença ou praga,reclusão,ABERTO ou SEMI-ABERTO,2,5,730,1825,1095,2.5,1,,,,
178,DOS CRIMES CONTRA A INCOLUMIDADE PÚBLICA,DOS CRIMES CONTRA A SEGURANÇA DOS MEIOS DE COMUNICAÇÃO E TRANSPORTE E OUTROS SERVIÇOS PÚBLICOS,Perigo de desastre ferroviário,reclusão,ABERTO ou SEMI-ABERTO,2,5,730,1825,1095,2.5,1,,,,
181,DOS CRIMES CONTRA A INCOLUMIDADE PÚBLICA,DOS CRIMES CONTRA A SEGURANÇA DOS MEIOS DE COMUNICAÇÃO E TRANSPORTE E OUTROS SERVIÇOS PÚBLICOS,"Atentado contra a segurança de transporte marítimo, fluvial ou aéreo",reclusão,ABERTO ou SEMI-ABERTO,2,5,730,1825,1095,2.5,0,,,,
198,DOS CRIMES CONTRA A INCOLUMIDADE PÚBLICA,DOS CRIMES CONTRA A SAÚDE PÚBLICA,Corrupção ou poluição de água potável,reclusão,ABERTO ou SEMI-ABERTO,2,5,730,1825,1095,2.5,0,,,,
174,DOS CRIMES CONTRA A INCOLUMIDADE PÚBLICA,DOS CRIMES DE PERIGO COMUM,Desabamento ou desmoronamento (culposo),detenção,ABERTO,0.4931506849,1,180,365,185,2.027777778,0,,1,1,
200,DOS CRIMES CONTRA A INCOLUMIDADE PÚBLICA,DOS CRIMES CONTRA A SAÚDE PÚBLICA,"Falsificação, corrupção, adulteração ou alteração de substância ou produtos alimentícios",reclusão,ABERTO ou SEMI-ABERTO,4,8,1460,2920,1460,2,1,,,,
161,DOS CRIMES CONTRA A INCOLUMIDADE PÚBLICA,DOS CRIMES DE PERIGO COMUM,Incêndio,reclusão,ABERTO ou SEMI-ABERTO,3,6,1095,2190,1095,2,1,,,,
163,DOS CRIMES CONTRA A INCOLUMIDADE PÚBLICA,DOS CRIMES DE PERIGO COMUM,Explosão,reclusão,ABERTO ou SEMI-ABERTO,3,6,1095,2190,1095,2,1,,,,
170,DOS CRIMES CONTRA A INCOLUMIDADE PÚBLICA,DOS CRIMES DE PERIGO COMUM,Inundação,reclusão,ABERTO ou SEMI-ABERTO,3,6,1095,2190,1095,2,1,,,,
193,DOS CRIMES CONTRA A INCOLUMIDADE PÚBLICA,DOS CRIMES CONTRA A SAÚDE PÚBLICA,Epidemia com resultado morte (culposo),detenção,ABERTO,2,4,730,1460,730,2,0,,,,
185,DOS CRIMES CONTRA A INCOLUMIDADE PÚBLICA,DOS CRIMES CONTRA A SEGURANÇA DOS MEIOS DE COMUNICAÇÃO E TRANSPORTE E OUTROS SERVIÇOS PÚBLICOS,Atentado contra a segurança de outro meio de transporte,detenção,ABERTO,1,2,365,730,365,2,0,,1,1,
191,DOS CRIMES CONTRA A INCOLUMIDADE PÚBLICA,DOS CRIMES CONTRA A SAÚDE PÚBLICA,Epidemia (culposo),detenção,ABERTO,1,2,365,730,365,2,0,,1,1,
201,DOS CRIMES CONTRA A INCOLUMIDADE PÚBLICA,DOS CRIMES CONTRA A SAÚDE PÚBLICA,"Falsificação, corrupção, adulteração ou alteração de substância ou produtos alimentícios (culposo)",detenção,ABERTO,1,2,365,730,365,2,1,,1,1,
190,DOS CRIMES CONTRA A INCOLUMIDADE PÚBLICA,DOS CRIMES CONTRA A SAÚDE PÚBLICA,Epidemia,reclusão,FECHADO,10,15,3650,5475,1825,1.5,0,,,,
196,DOS CRIMES CONTRA A INCOLUMIDADE PÚBLICA,DOS CRIMES CONTRA A SAÚDE PÚBLICA,Envenenamento de água potável ou de substância alimentícia ou medicinal,reclusão,FECHADO,10,15,3650,5475,1825,1.5,0,,,,
202,DOS CRIMES CONTRA A INCOLUMIDADE PÚBLICA,DOS CRIMES CONTRA A SAÚDE PÚBLICA,"Falsificação, corrupção, adulteração ou alteração de produto destinado a fins terapêuticos ou medicinais",reclusão,FECHADO,10,15,3650,5475,1825,1.5,1,1,,,
192,DOS CRIMES CONTRA A INCOLUMIDADE PÚBLICA,DOS CRIMES CONTRA A SAÚDE PÚBLICA,Epidemia com resultado morte,reclusão (em dobro),FECHADO,10,15,3650,5475,1825,1.5,0,1,,,
217,DOS CRIMES CONTRA A PAZ PÚBLICA,DOS CRIMES CONTRA A SAÚDE PÚBLICA,Associação Criminosa,reclusão,ABERTO,1,3,365,1095,730,3,0,,,1,
218,DOS CRIMES CONTRA A PAZ PÚBLICA,DOS CRIMES CONTRA A SAÚDE PÚBLICA,Constituição de milícia privada,reclusão,ABERTO ou SEMI-ABERTO,4,8,1460,2920,1460,2,0,,,,
215,DOS CRIMES CONTRA A PAZ PÚBLICA,DOS CRIMES CONTRA A SAÚDE PÚBLICA,Incitação ao crime,detenção ou multa,ABERTO,0.2465753425,0.4931506849,90,180,90,2,0,,1,1,
216,DOS CRIMES CONTRA A PAZ PÚBLICA,DOS CRIMES CONTRA A SAÚDE PÚBLICA,Apologia de crime ou criminoso,detenção ou multa,ABERTO,0.2465753425,0.4931506849,90,180,90,2,0,,1,1,
Special2,DOS CRIMES CONTRA A PESSOA,DAS LESÕES CORPORAIS,Violência Doméstica,detenção,ABERTO,0.2465753425,3,90,1095,1005,12.16666667,0,,,,
50,DOS CRIMES CONTRA A PESSOA,DOS CRIMES CONTRA A LIBERDADE INDIVIDUAL,Correspondência comercial,detenção,ABERTO,0.2465753425,2,90,730,640,8.111111111,0,,1,1,
22,DOS CRIMES CONTRA A PESSOA,DA PERICLITAÇÃO DA VIDA E DA SAÚDE,Abandono de incapaz,detenção,ABERTO,0.4931506849,3,180,1095,915,6.083333333,0,,,1,
16,DOS CRIMES CONTRA A PESSOA,DAS LESÕES CORPORAIS,Lesão corporal (culposo),detenção,ABERTO,0.1643835616,1,60,365,305,6.083333333,0,,1,1,
30,DOS CRIMES CONTRA A PESSOA,DA PERICLITAÇÃO DA VIDA E DA SAÚDE,Maus-tratos,detenção ou multa,ABERTO,0.1643835616,1,60,365,305,6.083333333,0,,1,1,
28,DOS CRIMES CONTRA A PESSOA,DA PERICLITAÇÃO DA VIDA E DA SAÚDE,Omissão de socorro,detenção ou multa,ABERTO,0.08219178082,0.4931506849,30,180,150,6,0,,1,1,
36,DOS CRIMES CONTRA A PESSOA,DOS CRIMES CONTRA A HONRA,Injúria simples,detenção ou multa,ABERTO,0.08219178082,0.4931506849,30,180,150,6,0,,1,1,
40,DOS CRIMES CONTRA A PESSOA,DOS CRIMES CONTRA A LIBERDADE INDIVIDUAL,Ameaça,detenção ou multa,ABERTO,0.08219178082,0.4931506849,30,180,150,6,0,,1,1,
47,DOS CRIMES CONTRA A PESSOA,DOS CRIMES CONTRA A LIBERDADE INDIVIDUAL,Violação de correspondência,detenção ou multa,ABERTO,0.08219178082,0.4931506849,30,180,150,6,0,,1,1,
48,DOS CRIMES CONTRA A PESSOA,DOS CRIMES CONTRA A LIBERDADE INDIVIDUAL,Sonegação ou destruição de correspondência,detenção ou multa,ABERTO,0.08219178082,0.4931506849,30,180,150,6,0,,1,1,
51,DOS CRIMES CONTRA A PESSOA,DOS CRIMES CONTRA A LIBERDADE INDIVIDUAL,Divulgação de conteúdo de documento particular ou de correspondência confidencial,detenção ou multa,ABERTO,0.08219178082,0.4931506849,30,180,150,6,1,,1,1,trezentos mil réis a dois contos de réis.
13,DOS CRIMES CONTRA A PESSOA,DAS LESÕES CORPORAIS,Lesão corporal de natureza grave,reclusão,ABERTO ou SEMI-ABERTO,1,5,365,1825,1460,5,0,,,1,
23,DOS CRIMES CONTRA A PESSOA,DA PERICLITAÇÃO DA VIDA E DA SAÚDE,Abandono de incapaz com resultado lesão corporal grave,reclusão,ABERTO ou SEMI-ABERTO,1,5,365,1825,1460,5,0,,,1,
25,DOS CRIMES CONTRA A PESSOA,DA PERICLITAÇÃO DA VIDA E DA SAÚDE,Exposição ou abandono de recém-nascido,detenção,ABERTO,0.4931506849,2,180,730,550,4.055555556,0,,1,1,
34,DOS CRIMES CONTRA A PESSOA,DA RIXA,Rixa com resultado lesão corporal grave,detenção,ABERTO,0.4931506849,2,180,730,550,4.055555556,1,,1,1,
46,DOS CRIMES CONTRA A PESSOA,DOS CRIMES CONTRA A LIBERDADE INDIVIDUAL,Violação de domicílio qualificada,detenção,ABERTO,0.4931506849,2,180,730,550,4.055555556,0,,1,1,além da pena correspondente à violência
5,DOS CRIMES CONTRA A PESSOA,DOS CRIMES CONTRA A VIDA,"Induzimento, instigação ou auxílio a suicídio ou a automutilação",reclusão,ABERTO,0.4931506849,2,180,730,550,4.055555556,0,,1,1,
55,DOS CRIMES CONTRA A PESSOA,DOS CRIMES CONTRA A LIBERDADE INDIVIDUAL,Invasão de dispositivo informático com resultado obtenção de segredos ou informações sigilosas,reclusão,ABERTO,0.4931506849,2,180,730,550,4.055555556,1,,1,1,se a conduta não constitui crime mais grave
12,DOS CRIMES CONTRA A PESSOA,DAS LESÕES CORPORAIS,Lesão corporal,detenção,ABERTO,0.2465753425,1,90,365,275,4.055555556,0,,1,1,
21,DOS CRIMES CONTRA A PESSOA,DA PERICLITAÇÃO DA VIDA E DA SAÚDE,Perigo para a vida ou saúde de outrem,detenção,ABERTO,0.2465753425,1,90,365,275,4.055555556,0,,1,1,se o fato não constitui crime mais grave
29,DOS CRIMES CONTRA A PESSOA,DA PERICLITAÇÃO DA VIDA E DA SAÚDE,Condicionamento de atendimento médico-hospitalar emergencial,detenção,ABERTO,0.2465753425,1,90,365,275,4.055555556,1,,1,1,
35,DOS CRIMES CONTRA A PESSOA,DOS CRIMES CONTRA A HONRA,Difamação,detenção,ABERTO,0.2465753425,1,90,365,275,4.055555556,1,,1,1,
37,DOS CRIMES CONTRA A PESSOA,DOS CRIMES CONTRA A HONRA,Injúria por vias de fato,detenção,ABERTO,0.2465753425,1,90,365,275,4.055555556,1,,1,1,além da pena correspondente à violência
54,DOS CRIMES CONTRA A PESSOA,DOS CRIMES CONTRA A LIBERDADE INDIVIDUAL,Invasão de dispositivo informático,detenção,ABERTO,0.2465753425,1,90,365,275,4.055555556,1,,1,1,
18,DOS CRIMES CONTRA A PESSOA,DA PERICLITAÇÃO DA VIDA E DA SAÚDE,Perigo de contágio venéreo,detenção ou multa,ABERTO,0.2465753425,1,90,365,275,4.055555556,0,,1,1,
39,DOS CRIMES CONTRA A PESSOA,DOS CRIMES CONTRA A LIBERDADE INDIVIDUAL,Constrangimento ilegal,detenção ou multa,ABERTO,0.2465753425,1,90,365,275,4.055555556,0,,1,1,
53,DOS CRIMES CONTRA A PESSOA,DOS CRIMES CONTRA A LIBERDADE INDIVIDUAL,Violação do segredo profissional,detenção ou multa,ABERTO,0.2465753425,1,90,365,275,4.055555556,1,,1,1,de um conto a dez contos de réis
14,DOS CRIMES CONTRA A PESSOA,DAS LESÕES CORPORAIS,Lesão corporal de natureza grave,reclusão,ABERTO ou SEMI-ABERTO,2,8,730,2920,2190,4,0,,,,
42,DOS CRIMES CONTRA A PESSOA,DOS CRIMES CONTRA A LIBERDADE INDIVIDUAL,Seqüestro e cárcere privado com resultado grave sofrimento físico ou moral,reclusão,ABERTO ou SEMI-ABERTO,2,8,730,2920,2190,4,0,,,,
43,DOS CRIMES CONTRA A PESSOA,DOS CRIMES CONTRA A LIBERDADE INDIVIDUAL,Redução a condição análoga à de escravo,reclusão,ABERTO ou SEMI-ABERTO,2,8,730,2920,2190,4,1,,,,além da pena correspondente à violência
52,DOS CRIMES CONTRA A PESSOA,DOS CRIMES CONTRA A LIBERDADE INDIVIDUAL,Divulgação de informações sigilosas ou reservadas,detenção,ABERTO,1,4,365,1460,1095,4,1,,,1,
11,DOS CRIMES CONTRA A PESSOA,DOS CRIMES CONTRA A VIDA,Aborto provocado por terceiro com consentimento da gestante,reclusão,ABERTO,1,4,365,1460,1095,4,0,,,1,
19,DOS CRIMES CONTRA A PESSOA,DA PERICLITAÇÃO DA VIDA E DA SAÚDE,Perigo de contágio venéreo meramente intencional,reclusão,ABERTO,1,4,365,1460,1095,4,1,,,1,
20,DOS CRIMES CONTRA A PESSOA,DA PERICLITAÇÃO DA VIDA E DA SAÚDE,Perigo de contágio de moléstia grave,reclusão,ABERTO,1,4,365,1460,1095,4,1,,,1,
31,DOS CRIMES CONTRA A PESSOA,DA PERICLITAÇÃO DA VIDA E DA SAÚDE,Maus-tratos com resultado lesão corporal grave,reclusão,ABERTO,1,4,365,1460,1095,4,0,,,1,
33,DOS CRIMES CONTRA A PESSOA,DA RIXA,Rixa,detenção ou multa,ABERTO,0.04109589041,0.1643835616,15,60,45,4,0,,1,1,
1,DOS CRIMES CONTRA A PESSOA,DOS CRIMES CONTRA A VIDA,Homicídio simples,reclusão,SEMI-ABERTO ou FECHADO,6,20,2190,7300,5110,3.333333333,0,1,,,
10,DOS CRIMES CONTRA A PESSOA,DOS CRIMES CONTRA A VIDA,Aborto provocado por terceiro sem consentimento da gestante,reclusão,"ABERTO, SEMI-ABERTO ou FECHADO",3,10,1095,3650,2555,3.333333333,0,,,,
15,DOS CRIMES CONTRA A PESSOA,DAS LESÕES CORPORAIS,Lesão corporal seguida de morte,reclusão,"ABERTO, SEMI-ABERTO ou FECHADO",4,12,1460,4380,2920,3,0,,,,
24,DOS CRIMES CONTRA A PESSOA,DA PERICLITAÇÃO DA VIDA E DA SAÚDE,Abandono de incapaz com resultado morte,reclusão,"ABERTO, SEMI-ABERTO ou FECHADO",4,12,1460,4380,2920,3,0,,,,
32,DOS CRIMES CONTRA A PESSOA,DA PERICLITAÇÃO DA VIDA E DA SAÚDE,Maus-tratos com resultado morte,reclusão,"ABERTO, SEMI-ABERTO ou FECHADO",4,12,1460,4380,2920,3,0,,,,
8,DOS CRIMES CONTRA A PESSOA,DOS CRIMES CONTRA A VIDA,Infanticídio,detenção,SEMI-ABERTO,2,6,730,2190,1460,3,0,,,,
27,DOS CRIMES CONTRA A PESSOA,DA PERICLITAÇÃO DA VIDA E DA SAÚDE,Exposição ou abandono de recém-nascido com resultado morte,detenção,SEMI-ABERTO,2,6,730,2190,1460,3,0,,,,
7,DOS CRIMES CONTRA A PESSOA,DOS CRIMES CONTRA A VIDA,suicídio se consuma ou se da automutilação resulta morte,reclusão,ABERTO ou SEMI-ABERTO,2,6,730,2190,1460,3,0,,,,
4,DOS CRIMES CONTRA A PESSOA,DOS CRIMES CONTRA A VIDA,Homicídio (culposo),detenção,ABERTO,1,3,365,1095,730,3,0,,,1,
9,DOS CRIMES CONTRA A PESSOA,DOS CRIMES CONTRA A VIDA,Aborto provocado pela gestante ou com seu consentimento,detenção,ABERTO,1,3,365,1095,730,3,0,,,1,
26,DOS CRIMES CONTRA A PESSOA,DA PERICLITAÇÃO DA VIDA E DA SAÚDE,Exposição ou abandono de recém-nascido com resultado lesão corporal,detenção,ABERTO,1,3,365,1095,730,3,0,,,1,
49,DOS CRIMES CONTRA A PESSOA,DOS CRIMES CONTRA A LIBERDADE INDIVIDUAL,"Violação de comunicação telegráfica, radioelétrica ou telefônica",detenção,ABERTO,1,3,365,1095,730,3,0,,,1,
6,DOS CRIMES CONTRA A PESSOA,DOS CRIMES CONTRA A VIDA,automutilação ou da tentativa de suicídio com resultado lesão corporal grave ou gravíssima,reclusão,ABERTO,1,3,365,1095,730,3,0,,,1,
38,DOS CRIMES CONTRA A PESSOA,DOS CRIMES CONTRA A HONRA,Injúria racial,reclusão,ABERTO,1,3,365,1095,730,3,1,,,1,
41,DOS CRIMES CONTRA A PESSOA,DOS CRIMES CONTRA A LIBERDADE INDIVIDUAL,Seqüestro e cárcere privado,reclusão,ABERTO,1,3,365,1095,730,3,0,,,1,
45,DOS CRIMES CONTRA A PESSOA,DOS CRIMES CONTRA A LIBERDADE INDIVIDUAL,Violação de domicílio,detenção ou multa,ABERTO,0.08219178082,0.2465753425,30,90,60,3,0,,1,1,
2,DOS CRIMES CONTRA A PESSOA,DOS CRIMES CONTRA A VIDA,Homicídio qualificado,reclusão,FECHADO,12,30,4380,10950,6570,2.5,0,1,,,
3,DOS CRIMES CONTRA A PESSOA,DOS CRIMES CONTRA A VIDA,Feminicídio,reclusão,FECHADO,12,30,4380,10950,6570,2.5,0,,,,
44,DOS CRIMES CONTRA A PESSOA,DOS CRIMES CONTRA A LIBERDADE INDIVIDUAL,Tráfico de Pessoas,reclusão,ABERTO ou SEMI-ABERTO,4,8,1460,2920,1460,2,1,,,,
102,DOS CRIMES CONTRA A PROPRIEDADE IMATERIAL,DOS CRIMES CONTRA A ORGANIZAÇÃO DO TRABALHO,Atentado contra a liberdade de trabalho - indivíduo,detenção,ABERTO,0.08219178082,1,30,365,335,12.16666667,1,,1,1,além da pena correspondente à violência
104,DOS CRIMES CONTRA A PROPRIEDADE IMATERIAL,DOS CRIMES CONTRA A ORGANIZAÇÃO DO TRABALHO,Atentado contra a liberdade de contrato de trabalho e boicotagem violenta,detenção,ABERTO,0.08219178082,1,30,365,335,12.16666667,1,,1,1,além da pena correspondente à violência
105,DOS CRIMES CONTRA A PROPRIEDADE IMATERIAL,DOS CRIMES CONTRA A ORGANIZAÇÃO DO TRABALHO,Atentado contra a liberdade de associação,detenção,ABERTO,0.08219178082,1,30,365,335,12.16666667,1,,1,1,além da pena correspondente à violência
106,DOS CRIMES CONTRA A PROPRIEDADE IMATERIAL,DOS CRIMES CONTRA A ORGANIZAÇÃO DO TRABALHO,"Paralisação de trabalho, seguida de violência ou perturbação da ordem",detenção,ABERTO,0.08219178082,1,30,365,335,12.16666667,1,,1,1,além da pena correspondente à violência
110,DOS CRIMES CONTRA A PROPRIEDADE IMATERIAL,DOS CRIMES CONTRA A ORGANIZAÇÃO DO TRABALHO,Frustração de lei sobre a nacionalização do trabalho,detenção,ABERTO,0.08219178082,1,30,365,335,12.16666667,1,,1,1,além da pena correspondente à violência
111,DOS CRIMES CONTRA A PROPRIEDADE IMATERIAL,DOS CRIMES CONTRA A ORGANIZAÇÃO DO TRABALHO,Exercício de atividade com infração de decisão administrativa,detenção ou multa,ABERTO,0.2465753425,2,90,730,640,8.111111111,0,,1,1,
107,DOS CRIMES CONTRA A PROPRIEDADE IMATERIAL,DOS CRIMES CONTRA A ORGANIZAÇÃO DO TRABALHO,Paralisação de trabalho de interesse coletivo,detenção,ABERTO,0.4931506849,2,180,730,550,4.055555556,1,,1,1,
103,DOS CRIMES CONTRA A PROPRIEDADE IMATERIAL,DOS CRIMES CONTRA A ORGANIZAÇÃO DO TRABALHO,Atentado contra a liberdade de trabalho - estabelecimento,detenção,ABERTO,0.2465753425,1,90,365,275,4.055555556,1,,1,1,além da pena correspondente à violência
99,DOS CRIMES CONTRA A PROPRIEDADE IMATERIAL,DOS CRIMES CONTRA A PROPRIEDADE INTELECTUAL,Violação de direito autoral,detenção ou multa,ABERTO,0.2465753425,1,90,365,275,4.055555556,0,,1,1,
112,DOS CRIMES CONTRA A PROPRIEDADE IMATERIAL,DOS CRIMES CONTRA A ORGANIZAÇÃO DO TRABALHO,Aliciamento para o fim de emigração,detenção,ABERTO,1,3,365,1095,730,3,1,,,1,
113,DOS CRIMES CONTRA A PROPRIEDADE IMATERIAL,DOS CRIMES CONTRA A ORGANIZAÇÃO DO TRABALHO,Aliciamento de trabalhadores de um local para outro do território nacional,detenção,ABERTO,1,3,365,1095,730,3,1,,,1,
108,DOS CRIMES CONTRA A PROPRIEDADE IMATERIAL,DOS CRIMES CONTRA A ORGANIZAÇÃO DO TRABALHO,"Invasão de estabelecimento industrial, comercial ou agrícola. Sabotagem",reclusão,ABERTO,1,3,365,1095,730,3,1,,,1,
100,DOS CRIMES CONTRA A PROPRIEDADE IMATERIAL,DOS CRIMES CONTRA A PROPRIEDADE INTELECTUAL,Violação de direito autoral por meio de reprodução parcial ou total de obra,reclusão,ABERTO,2,4,730,1460,730,2,1,,,,
101,DOS CRIMES CONTRA A PROPRIEDADE IMATERIAL,DOS CRIMES CONTRA A PROPRIEDADE INTELECTUAL,Violação de direito autoral mediante uso de sistema de transmissão,reclusão,ABERTO,2,4,730,1460,730,2,1,,,,
109,DOS CRIMES CONTRA A PROPRIEDADE IMATERIAL,DOS CRIMES CONTRA A ORGANIZAÇÃO DO TRABALHO,Frustração de direito assegurado por lei trabalhista,detenção,ABERTO,1,2,365,730,365,2,1,,1,1,além da pena correspondente à violência
73,DOS CRIMES CONTRA O PATRIMÔNIO,DO DANO,Alteração de local especialmente protegido,detenção ou multa,ABERTO,0.08219178082,1,30,365,335,12.16666667,0,,1,1,
76,DOS CRIMES CONTRA O PATRIMÔNIO,DA APROPRIAÇÃO INDÉBITA,"Apropriação de coisa havida por erro, caso fortuito ou força da natureza",detenção ou multa,ABERTO,0.08219178082,1,30,365,335,12.16666667,0,,1,1,
77,DOS CRIMES CONTRA O PATRIMÔNIO,DA APROPRIAÇÃO INDÉBITA,Apropriação de tesouro,detenção ou multa,ABERTO,0.08219178082,1,30,365,335,12.16666667,0,,1,1,
78,DOS CRIMES CONTRA O PATRIMÔNIO,DA APROPRIAÇÃO INDÉBITA,Apropriação de coisa achada,detenção ou multa,ABERTO,0.08219178082,1,30,365,335,12.16666667,0,,1,1,
97,DOS CRIMES CONTRA O PATRIMÔNIO,DA RECEPTAÇÃO,Receptação presumida,detenção ou multa ou ambas as penas,ABERTO,0.08219178082,1,30,365,335,12.16666667,0,,1,1,
71,DOS CRIMES CONTRA O PATRIMÔNIO,DO DANO,Introdução ou abandono de animais em propriedade alheia,detenção ou multa,ABERTO,0.04109589041,0.4931506849,15,180,165,12,0,,1,1,
68,DOS CRIMES CONTRA O PATRIMÔNIO,DA USURPAÇÃO,Supressão ou alteração de marca em animais,detenção,ABERTO,0.4931506849,3,180,1095,915,6.083333333,1,,,1,
70,DOS CRIMES CONTRA O PATRIMÔNIO,DO DANO,Dano qualificado,detenção,ABERTO,0.4931506849,3,180,1095,915,6.083333333,1,,,1,além da pena correspondente à violência
65,DOS CRIMES CONTRA O PATRIMÔNIO,DA USURPAÇÃO,Usurpação com alteração de limites,detenção,ABERTO,0.08219178082,0.4931506849,30,180,150,6,1,,1,1,
66,DOS CRIMES CONTRA O PATRIMÔNIO,DA USURPAÇÃO,Usurpação de águas,detenção,ABERTO,0.08219178082,0.4931506849,30,180,150,6,1,,1,1,
67,DOS CRIMES CONTRA O PATRIMÔNIO,DA USURPAÇÃO,Esbulho possessório,detenção,ABERTO,0.08219178082,0.4931506849,30,180,150,6,1,,1,1,
69,DOS CRIMES CONTRA O PATRIMÔNIO,DO DANO,Dano,detenção ou multa,ABERTO,0.08219178082,0.4931506849,30,180,150,6,0,,1,1,
79,DOS CRIMES CONTRA O PATRIMÔNIO,DO ESTELIONATO E OUTRAS FRAUDES,Estelionato,reclusão,ABERTO ou SEMI-ABERTO,1,5,365,1825,1460,5,1,,,1,quinhentos mil réis a dez contos de réis.
80,DOS CRIMES CONTRA O PATRIMÔNIO,DO ESTELIONATO E OUTRAS FRAUDES,Disposição de coisa alheia como própria,reclusão,ABERTO ou SEMI-ABERTO,1,5,365,1825,1460,5,1,,,1,quinhentos mil réis a dez contos de réis.
81,DOS CRIMES CONTRA O PATRIMÔNIO,DO ESTELIONATO E OUTRAS FRAUDES,Alienação ou oneração fraudulenta de coisa própria,reclusão,ABERTO ou SEMI-ABERTO,1,5,365,1825,1460,5,1,,,1,quinhentos mil réis a dez contos de réis.
82,DOS CRIMES CONTRA O PATRIMÔNIO,DO ESTELIONATO E OUTRAS FRAUDES,Defraudação de penhor,reclusão,ABERTO ou SEMI-ABERTO,1,5,365,1825,1460,5,1,,,1,quinhentos mil réis a dez contos de réis.
83,DOS CRIMES CONTRA O PATRIMÔNIO,DO ESTELIONATO E OUTRAS FRAUDES,Fraude na entrega de coisa,reclusão,ABERTO ou SEMI-ABERTO,1,5,365,1825,1460,5,1,,,1,quinhentos mil réis a dez contos de réis.
84,DOS CRIMES CONTRA O PATRIMÔNIO,DO ESTELIONATO E OUTRAS FRAUDES,Fraude para recebimento de indenização ou valor de seguro,reclusão,ABERTO ou SEMI-ABERTO,1,5,365,1825,1460,5,1,,,1,quinhentos mil réis a dez contos de réis.
85,DOS CRIMES CONTRA O PATRIMÔNIO,DO ESTELIONATO E OUTRAS FRAUDES,Fraude no pagamento por meio de cheque,reclusão,ABERTO ou SEMI-ABERTO,1,5,365,1825,1460,5,1,,,1,quinhentos mil réis a dez contos de réis.
90,DOS CRIMES CONTRA O PATRIMÔNIO,DO ESTELIONATO E OUTRAS FRAUDES,Fraude em construção,reclusão,ABERTO ou SEMI-ABERTO,1,5,365,1825,1460,5,1,,,1,
72,DOS CRIMES CONTRA O PATRIMÔNIO,DO DANO,"Dano em coisa de valor artístico, arqueológico ou histórico",detenção,ABERTO,0.4931506849,2,180,730,550,4.055555556,1,,1,1,
57,DOS CRIMES CONTRA O PATRIMÔNIO,DO FURTO,Furto de coisa comum,detenção ou multa,ABERTO,0.4931506849,2,180,730,550,4.055555556,0,,1,1,
89,DOS CRIMES CONTRA O PATRIMÔNIO,DO ESTELIONATO E OUTRAS FRAUDES,Fraude no comércio,detenção ou multa,ABERTO,0.4931506849,2,180,730,550,4.055555556,0,,1,1,
94,DOS CRIMES CONTRA O PATRIMÔNIO,DO ESTELIONATO E OUTRAS FRAUDES,Fraude à execução,detenção ou multa,ABERTO,0.4931506849,2,180,730,550,4.055555556,0,,1,1,
56,DOS CRIMES CONTRA O PATRIMÔNIO,DO FURTO,Furto,reclusão,ABERTO,1,4,365,1460,1095,4,1,,,1,
74,DOS CRIMES CONTRA O PATRIMÔNIO,DA APROPRIAÇÃO INDÉBITA,Apropriação indébita,reclusão,ABERTO,1,4,365,1460,1095,4,1,,,1,
92,DOS CRIMES CONTRA O PATRIMÔNIO,DO ESTELIONATO E OUTRAS FRAUDES,Fraudes e abusos na fundação ou administração de sociedade por ações,reclusão,ABERTO,1,4,365,1460,1095,4,1,,,1,se o fato não constitui crime contra a economia popular
93,DOS CRIMES CONTRA O PATRIMÔNIO,DO ESTELIONATO E OUTRAS FRAUDES,"Emissão irregular de conhecimento de depósito ou ""warrant""",reclusão,ABERTO,1,4,365,1460,1095,4,1,,,1,
95,DOS CRIMES CONTRA O PATRIMÔNIO,DA RECEPTAÇÃO,Receptação,reclusão,ABERTO,1,4,365,1460,1095,4,1,,,1,
91,DOS CRIMES CONTRA O PATRIMÔNIO,DO ESTELIONATO E OUTRAS FRAUDES,Outras fraudes,detenção ou multa,ABERTO,0.04109589041,0.1643835616,15,60,45,4,0,,1,1,
87,DOS CRIMES CONTRA O PATRIMÔNIO,DO ESTELIONATO E OUTRAS FRAUDES,Abuso de incapazes,reclusão,ABERTO ou SEMI-ABERTO,2,6,730,2190,1460,3,1,,,,
64,DOS CRIMES CONTRA O PATRIMÔNIO,DO ROUBO E DA EXTORSÃO,Extorsão indireta,reclusão,ABERTO,1,3,365,1095,730,3,1,,,1,
88,DOS CRIMES CONTRA O PATRIMÔNIO,DO ESTELIONATO E OUTRAS FRAUDES,Induzimento à especulação,reclusão,ABERTO,1,3,365,1095,730,3,1,,,1,
96,DOS CRIMES CONTRA O PATRIMÔNIO,DA RECEPTAÇÃO,Receptação qualificada,reclusão,ABERTO ou SEMI-ABERTO,3,8,1095,2920,1825,2.666666667,1,,,,
58,DOS CRIMES CONTRA O PATRIMÔNIO,DO ROUBO E DA EXTORSÃO,Roubo,reclusão,"ABERTO, SEMI-ABERTO ou FECHADO",4,10,1460,3650,2190,2.5,1,,,,
59,DOS CRIMES CONTRA O PATRIMÔNIO,DO ROUBO E DA EXTORSÃO,Extorsão,reclusão,"ABERTO, SEMI-ABERTO ou FECHADO",4,10,1460,3650,2190,2.5,1,,,,
75,DOS CRIMES CONTRA O PATRIMÔNIO,DA APROPRIAÇÃO INDÉBITA,Apropriação indébita previdenciária,reclusão,ABERTO ou SEMI-ABERTO,2,5,730,1825,1095,2.5,1,,,,
98,DOS CRIMES CONTRA O PATRIMÔNIO,DA RECEPTAÇÃO,Receptação de animal,reclusão,ABERTO ou SEMI-ABERTO,2,5,730,1825,1095,2.5,1,,,,
86,DOS CRIMES CONTRA O PATRIMÔNIO,DO ESTELIONATO E OUTRAS FRAUDES,Duplicata simulada,detenção,ABERTO,2,4,730,1460,730,2,1,,,,
60,DOS CRIMES CONTRA O PATRIMÔNIO,DO ROUBO E DA EXTORSÃO,Extorsão mediante seqüestro,reclusão,FECHADO ou SEMI-ABERTO (raro),8,15,2920,5475,2555,1.875,0,1,,,
61,DOS CRIMES CONTRA O PATRIMÔNIO,DO ROUBO E DA EXTORSÃO,Extorsão mediante seqüestro que dura mais de 24 horas,reclusão,FECHADO,12,20,4380,7300,2920,1.666666667,0,1,,,
62,DOS CRIMES CONTRA O PATRIMÔNIO,DO ROUBO E DA EXTORSÃO,Extorsão mediante seqüestro com resultado lesão corporal grave,reclusão,FECHADO,16,24,5840,8760,2920,1.5,0,1,,,
Special1,DOS CRIMES CONTRA O PATRIMÔNIO,DO ROUBO E DA EXTORSÃO,Extorsão mediante seqüestro com resultado morte,reclusão,FECHADO,24,30,8760,10950,2190,1.25,0,1,,,
114,DOS CRIMES CONTRA O SENTIMENTO RELIGIOSO E CONTRA O RESPEITO AOS MORTOS,DOS CRIMES CONTRA O SENTIMENTO RELIGIOSO,Ultraje a culto e impedimento ou perturbação de ato a ele relativo,detenção ou multa,ABERTO,0.08219178082,1,30,365,335,12.16666667,0,,1,1,
115,DOS CRIMES CONTRA O SENTIMENTO RELIGIOSO E CONTRA O RESPEITO AOS MORTOS,DOS CRIMES CONTRA O RESPEITO AOS MORTOS,Impedimento ou perturbação de cerimônia funerária,detenção ou multa,ABERTO,0.08219178082,1,30,365,335,12.16666667,0,,1,1,
118,DOS CRIMES CONTRA O SENTIMENTO RELIGIOSO E CONTRA O RESPEITO AOS MORTOS,,Vilipêndio a cadáver,detenção,ABERTO,1,3,365,1095,730,3,1,,,1,
116,DOS CRIMES CONTRA O SENTIMENTO RELIGIOSO E CONTRA O RESPEITO AOS MORTOS,,Violação de sepultura,reclusão,ABERTO,1,3,365,1095,730,3,1,,,1,
117,DOS CRIMES CONTRA O SENTIMENTO RELIGIOSO E CONTRA O RESPEITO AOS MORTOS,,"Destruição, subtração ou ocultação de cadáver",reclusão,ABERTO,1,3,365,1095,730,3,1,,,1,
